date,rain,,,,,,,,month,rain
01-Jan-16,2.6,,,,,,,,Jan-16,3.932258065
02-Jan-16,3.5,,,,,,,,Feb-16,3.855172414
03-Jan-16,9,,,,,,,,Mar-16,
04-Jan-16,1.3,,,,,,,,Apr-16,
05-Jan-16,6.5,,,,,,,,May-16,
06-Jan-16,13.5,,,,,,,,Jun-16,
07-Jan-16,0.2,,,,,,,,Jul-16,
08-Jan-16,0.5,,,,,,,,Aug-16,
09-Jan-16,0.8,,,,,,,,Sep-16,
10-Jan-16,0.3,,,,,,,,Oct-16,
11-Jan-16,0.1,,,,,,,,Nov-16,
12-Jan-16,0.6,,,,,,,,Dec-16,
13-Jan-16,1.7,,,,,,,,Jan-17,
14-Jan-16,3.3,,,,,,,,Feb-17,
15-Jan-16,0.6,,,,,,,,Mar-17,
16-Jan-16,0.4,,,,,,,,Apr-17,
17-Jan-16,4.4,,,,,,,,May-17,
18-Jan-16,0.4,,,,,,,,Jun-17,
19-Jan-16,0,,,,,,,,Jul-17,
20-Jan-16,3.4,,,,,,,,Aug-17,
21-Jan-16,2.8,,,,,,,,Sep-17,
22-Jan-16,7,,,,,,,,Oct-17,
23-Jan-16,2.1,,,,,,,,Nov-17,
24-Jan-16,0,,,,,,,,Dec-17,
25-Jan-16,0.4,,,,,,,,Jan-18,
26-Jan-16,18.6,,,,,,,,Feb-18,
27-Jan-16,25.3,,,,,,,,Mar-18,
28-Jan-16,6.7,,,,,,,,Apr-18,
29-Jan-16,3.6,,,,,,,,May-18,
30-Jan-16,0.1,,,,,,,,Jun-18,
31-Jan-16,2.2,,,,,,,,Jul-18,
01-Feb-16,1.9,,,,,,,,Aug-18,
02-Feb-16,0.7,,,,,,,,Sep-18,
03-Feb-16,2.8,,,,,,,,Oct-18,
04-Feb-16,2.1,,,,,,,,Nov-18,
05-Feb-16,7.1,,,,,,,,Dec-18,
06-Feb-16,6.5,,,,,,,,Jan-19,
07-Feb-16,7.2,,,,,,,,Feb-19,
08-Feb-16,11.4,,,,,,,,Mar-19,
09-Feb-16,13.5,,,,,,,,Apr-19,
10-Feb-16,0.1,,,,,,,,May-19,
11-Feb-16,0,,,,,,,,Jun-19,
12-Feb-16,1.9,,,,,,,,Jul-19,
13-Feb-16,0.6,,,,,,,,Aug-19,
14-Feb-16,4.8,,,,,,,,Sep-19,
15-Feb-16,0,,,,,,,,Oct-19,
16-Feb-16,17.2,,,,,,,,Nov-19,
17-Feb-16,5.7,,,,,,,,Dec-19,
18-Feb-16,0.5,,,,,,,,Jan-20,
19-Feb-16,0.8,,,,,,,,Feb-20,
20-Feb-16,3.5,,,,,,,,Mar-20,
21-Feb-16,4.8,,,,,,,,Apr-20,
22-Feb-16,0.4,,,,,,,,May-20,
23-Feb-16,0,,,,,,,,Jun-20,
24-Feb-16,0.1,,,,,,,,Jul-20,
25-Feb-16,0,,,,,,,,Aug-20,
26-Feb-16,0.6,,,,,,,,Sep-20,
27-Feb-16,0,,,,,,,,Oct-20,
28-Feb-16,0,,,,,,,,Nov-20,
29-Feb-16,17.6,,,,,,,,Dec-20,
01-Mar-16,13.3,,,,,,,,Jan-21,
02-Mar-16,8,,,,,,,,Feb-21,
03-Mar-16,3.9,,,,,,,,Mar-21,
04-Mar-16,1.4,,,,,,,,Apr-21,
05-Mar-16,0.1,,,,,,,,May-21,
06-Mar-16,0.5,,,,,,,,Jun-21,
07-Mar-16,0.3,,,,,,,,Jul-21,
08-Mar-16,6.1,,,,,,,,Aug-21,
09-Mar-16,0.1,,,,,,,,Sep-21,
10-Mar-16,0,,,,,,,,Oct-21,
11-Mar-16,1.8,,,,,,,,Nov-21,
12-Mar-16,0,,,,,,,,Dec-21,
13-Mar-16,0,,,,,,,,Jan-22,
14-Mar-16,0,,,,,,,,Feb-22,
15-Mar-16,0,,,,,,,,Mar-22,
16-Mar-16,0,,,,,,,,Apr-22,
17-Mar-16,0.1,,,,,,,,May-22,
18-Mar-16,0,,,,,,,,Jun-22,
19-Mar-16,0,,,,,,,,Jul-22,
20-Mar-16,0,,,,,,,,Aug-22,
21-Mar-16,0,,,,,,,,Sep-22,
22-Mar-16,0,,,,,,,,Oct-22,
23-Mar-16,0,,,,,,,,Nov-22,
24-Mar-16,5.2,,,,,,,,Dec-22,
25-Mar-16,0,,,,,,,,Jan-23,
26-Mar-16,12.6,,,,,,,,Feb-23,
27-Mar-16,2.9,,,,,,,,Mar-23,
28-Mar-16,0.3,,,,,,,,Apr-23,
29-Mar-16,0.2,,,,,,,,May-23,
30-Mar-16,1.4,,,,,,,,Jun-23,
31-Mar-16,0,,,,,,,,Jul-23,
01-Apr-16,11.5,,,,,,,,Aug-23,
02-Apr-16,12.9,,,,,,,,Sep-23,
03-Apr-16,11.1,,,,,,,,Oct-23,
04-Apr-16,2.6,,,,,,,,Nov-23,
05-Apr-16,1,,,,,,,,Dec-23,
06-Apr-16,6.4,,,,,,,,Jan-24,
07-Apr-16,0.7,,,,,,,,Feb-24,
08-Apr-16,4.9,,,,,,,,Mar-24,
09-Apr-16,6.3,,,,,,,,Apr-24,
10-Apr-16,0.3,,,,,,,,May-24,
11-Apr-16,17.5,,,,,,,,Jun-24,
12-Apr-16,4,,,,,,,,Jul-24,
13-Apr-16,0.1,,,,,,,,Aug-24,
14-Apr-16,0.1,,,,,,,,Sep-24,
15-Apr-16,2.5,,,,,,,,Oct-24,
16-Apr-16,0.1,,,,,,,,Nov-24,
17-Apr-16,0,,,,,,,,Dec-24,
18-Apr-16,0,,,,,,,,Jan-25,
19-Apr-16,0,,,,,,,,Feb-25,
20-Apr-16,0,,,,,,,,Mar-25,
21-Apr-16,0,,,,,,,,Apr-25,
22-Apr-16,0,,,,,,,,May-25,
23-Apr-16,0,,,,,,,,Jun-25,
24-Apr-16,0,,,,,,,,Jul-25,
25-Apr-16,0.5,,,,,,,,,
26-Apr-16,1.3,,,,,,,,,
27-Apr-16,1.8,,,,,,,,,
28-Apr-16,4,,,,,,,,,
29-Apr-16,1.6,,,,,,,,,
30-Apr-16,0,,,,,,,,,
01-May-16,4.6,,,,,,,,,
02-May-16,6.4,,,,,,,,,
03-May-16,0,,,,,,,,,
04-May-16,0.9,,,,,,,,,
05-May-16,0.3,,,,,,,,,
06-May-16,0,,,,,,,,,
07-May-16,9.7,,,,,,,,,
08-May-16,7.6,,,,,,,,,
09-May-16,0,,,,,,,,,
10-May-16,4.1,,,,,,,,,
11-May-16,0.8,,,,,,,,,
12-May-16,0,,,,,,,,,
13-May-16,0,,,,,,,,,
14-May-16,0,,,,,,,,,
15-May-16,0,,,,,,,,,
16-May-16,0,,,,,,,,,
17-May-16,7.4,,,,,,,,,
18-May-16,0.8,,,,,,,,,
19-May-16,5.2,,,,,,,,,
20-May-16,5.4,,,,,,,,,
21-May-16,4.3,,,,,,,,,
22-May-16,2.5,,,,,,,,,
23-May-16,0,,,,,,,,,
24-May-16,0,,,,,,,,,
25-May-16,0,,,,,,,,,
26-May-16,0.1,,,,,,,,,
27-May-16,1,,,,,,,,,
28-May-16,0.5,,,,,,,,,
29-May-16,0,,,,,,,,,
30-May-16,0,,,,,,,,,
31-May-16,0,,,,,,,,,
01-Jun-16,0,,,,,,,,,
02-Jun-16,0,,,,,,,,,
03-Jun-16,0,,,,,,,,,
04-Jun-16,0,,,,,,,,,
05-Jun-16,0.3,,,,,,,,,
06-Jun-16,4.1,,,,,,,,,
07-Jun-16,0,,,,,,,,,
08-Jun-16,0,,,,,,,,,
09-Jun-16,0,,,,,,,,,
10-Jun-16,0.5,,,,,,,,,
11-Jun-16,5.8,,,,,,,,,
12-Jun-16,2.4,,,,,,,,,
13-Jun-16,6.4,,,,,,,,,
14-Jun-16,33.2,,,,,,,,,
15-Jun-16,8.5,,,,,,,,,
16-Jun-16,0,,,,,,,,,
17-Jun-16,0,,,,,,,,,
18-Jun-16,1.4,,,,,,,,,
19-Jun-16,16.1,,,,,,,,,
20-Jun-16,0.4,,,,,,,,,
21-Jun-16,1.2,,,,,,,,,
22-Jun-16,0,,,,,,,,,
23-Jun-16,16,,,,,,,,,
24-Jun-16,8.6,,,,,,,,,
25-Jun-16,2.1,,,,,,,,,
26-Jun-16,4.2,,,,,,,,,
27-Jun-16,0,,,,,,,,,
28-Jun-16,3.2,,,,,,,,,
29-Jun-16,11.3,,,,,,,,,
30-Jun-16,4.6,,,,,,,,,
01-Jul-16,2.2,,,,,,,,,
02-Jul-16,1.8,,,,,,,,,
03-Jul-16,0,,,,,,,,,
04-Jul-16,4.8,,,,,,,,,
05-Jul-16,0,,,,,,,,,
06-Jul-16,1.4,,,,,,,,,
07-Jul-16,0.1,,,,,,,,,
08-Jul-16,1,,,,,,,,,
09-Jul-16,13.4,,,,,,,,,
10-Jul-16,5.4,,,,,,,,,
11-Jul-16,2.2,,,,,,,,,
12-Jul-16,0.6,,,,,,,,,
13-Jul-16,4.7,,,,,,,,,
14-Jul-16,2.1,,,,,,,,,
15-Jul-16,6.5,,,,,,,,,
16-Jul-16,0,,,,,,,,,
17-Jul-16,0,,,,,,,,,
18-Jul-16,0,,,,,,,,,
19-Jul-16,0,,,,,,,,,
20-Jul-16,0.1,,,,,,,,,
21-Jul-16,1.2,,,,,,,,,
22-Jul-16,1,,,,,,,,,
23-Jul-16,0.4,,,,,,,,,
24-Jul-16,2.3,,,,,,,,,
25-Jul-16,3.1,,,,,,,,,
26-Jul-16,8.2,,,,,,,,,
27-Jul-16,0,,,,,,,,,
28-Jul-16,5,,,,,,,,,
29-Jul-16,1,,,,,,,,,
30-Jul-16,0.3,,,,,,,,,
31-Jul-16,1.3,,,,,,,,,
01-Aug-16,0,,,,,,,,,
02-Aug-16,3.8,,,,,,,,,
03-Aug-16,4.4,,,,,,,,,
04-Aug-16,0.7,,,,,,,,,
05-Aug-16,0,,,,,,,,,
06-Aug-16,0.7,,,,,,,,,
07-Aug-16,2.8,,,,,,,,,
08-Aug-16,0.2,,,,,,,,,
09-Aug-16,0.1,,,,,,,,,
10-Aug-16,2,,,,,,,,,
11-Aug-16,0.6,,,,,,,,,
12-Aug-16,1.8,,,,,,,,,
13-Aug-16,0,,,,,,,,,
14-Aug-16,0.9,,,,,,,,,
15-Aug-16,0,,,,,,,,,
16-Aug-16,0.7,,,,,,,,,
17-Aug-16,7.6,,,,,,,,,
18-Aug-16,1.9,,,,,,,,,
19-Aug-16,4.5,,,,,,,,,
20-Aug-16,46.8,,,,,,,,,
21-Aug-16,4,,,,,,,,,
22-Aug-16,1.2,,,,,,,,,
23-Aug-16,11.6,,,,,,,,,
24-Aug-16,0.1,,,,,,,,,
25-Aug-16,0.6,,,,,,,,,
26-Aug-16,0.2,,,,,,,,,
27-Aug-16,0,,,,,,,,,
28-Aug-16,0,,,,,,,,,
29-Aug-16,0.1,,,,,,,,,
30-Aug-16,0.4,,,,,,,,,
31-Aug-16,0.9,,,,,,,,,
01-Sep-16,5.2,,,,,,,,,
02-Sep-16,0.3,,,,,,,,,
03-Sep-16,14.7,,,,,,,,,
04-Sep-16,8.4,,,,,,,,,
05-Sep-16,3.6,,,,,,,,,
06-Sep-16,0.9,,,,,,,,,
07-Sep-16,0.2,,,,,,,,,
08-Sep-16,1.1,,,,,,,,,
09-Sep-16,12,,,,,,,,,
10-Sep-16,0.5,,,,,,,,,
11-Sep-16,0.2,,,,,,,,,
12-Sep-16,7.6,,,,,,,,,
13-Sep-16,1.4,,,,,,,,,
14-Sep-16,0.8,,,,,,,,,
15-Sep-16,0.4,,,,,,,,,
16-Sep-16,0.7,,,,,,,,,
17-Sep-16,0,,,,,,,,,
18-Sep-16,5.1,,,,,,,,,
19-Sep-16,0.1,,,,,,,,,
20-Sep-16,0,,,,,,,,,
21-Sep-16,5.8,,,,,,,,,
22-Sep-16,1.6,,,,,,,,,
23-Sep-16,0.1,,,,,,,,,
24-Sep-16,6.7,,,,,,,,,
25-Sep-16,5,,,,,,,,,
26-Sep-16,1.6,,,,,,,,,
27-Sep-16,0.3,,,,,,,,,
28-Sep-16,3.5,,,,,,,,,
29-Sep-16,1,,,,,,,,,
30-Sep-16,1.7,,,,,,,,,
01-Oct-16,0.1,,,,,,,,,
02-Oct-16,0,,,,,,,,,
03-Oct-16,0.1,,,,,,,,,
04-Oct-16,0,,,,,,,,,
05-Oct-16,0,,,,,,,,,
06-Oct-16,0,,,,,,,,,
07-Oct-16,0,,,,,,,,,
08-Oct-16,0,,,,,,,,,
09-Oct-16,0,,,,,,,,,
10-Oct-16,0,,,,,,,,,
11-Oct-16,0,,,,,,,,,
12-Oct-16,0.1,,,,,,,,,
13-Oct-16,3.2,,,,,,,,,
14-Oct-16,0.1,,,,,,,,,
15-Oct-16,10,,,,,,,,,
16-Oct-16,12.4,,,,,,,,,
17-Oct-16,0.6,,,,,,,,,
18-Oct-16,0.1,,,,,,,,,
19-Oct-16,0,,,,,,,,,
20-Oct-16,0.1,,,,,,,,,
21-Oct-16,0.2,,,,,,,,,
22-Oct-16,0,,,,,,,,,
23-Oct-16,0.7,,,,,,,,,
24-Oct-16,0.9,,,,,,,,,
25-Oct-16,0,,,,,,,,,
26-Oct-16,1.7,,,,,,,,,
27-Oct-16,1.3,,,,,,,,,
28-Oct-16,2.1,,,,,,,,,
29-Oct-16,0,,,,,,,,,
30-Oct-16,0.1,,,,,,,,,
31-Oct-16,0.1,,,,,,,,,
01-Nov-16,0,,,,,,,,,
02-Nov-16,0,,,,,,,,,
03-Nov-16,1.9,,,,,,,,,
04-Nov-16,1.4,,,,,,,,,
05-Nov-16,0.3,,,,,,,,,
06-Nov-16,0,,,,,,,,,
07-Nov-16,0,,,,,,,,,
08-Nov-16,13.6,,,,,,,,,
09-Nov-16,0.8,,,,,,,,,
10-Nov-16,0.3,,,,,,,,,
11-Nov-16,8.8,,,,,,,,,
12-Nov-16,0.8,,,,,,,,,
13-Nov-16,0.2,,,,,,,,,
14-Nov-16,0.4,,,,,,,,,
15-Nov-16,1,,,,,,,,,
16-Nov-16,1.3,,,,,,,,,
17-Nov-16,18.3,,,,,,,,,
18-Nov-16,1.6,,,,,,,,,
19-Nov-16,0,,,,,,,,,
20-Nov-16,0,,,,,,,,,
21-Nov-16,0,,,,,,,,,
22-Nov-16,0,,,,,,,,,
23-Nov-16,0,,,,,,,,,
24-Nov-16,0,,,,,,,,,
25-Nov-16,0,,,,,,,,,
26-Nov-16,0,,,,,,,,,
27-Nov-16,0,,,,,,,,,
28-Nov-16,0,,,,,,,,,
29-Nov-16,0,,,,,,,,,
30-Nov-16,0,,,,,,,,,
01-Dec-16,0,,,,,,,,,
02-Dec-16,0,,,,,,,,,
03-Dec-16,0.2,,,,,,,,,
04-Dec-16,0,,,,,,,,,
05-Dec-16,0,,,,,,,,,
06-Dec-16,0.7,,,,,,,,,
07-Dec-16,0.2,,,,,,,,,
08-Dec-16,0.9,,,,,,,,,
09-Dec-16,0.6,,,,,,,,,
10-Dec-16,0.3,,,,,,,,,
11-Dec-16,0.2,,,,,,,,,
12-Dec-16,0.8,,,,,,,,,
13-Dec-16,2.9,,,,,,,,,
14-Dec-16,9.3,,,,,,,,,
15-Dec-16,4.5,,,,,,,,,
16-Dec-16,7.7,,,,,,,,,
17-Dec-16,0,,,,,,,,,
18-Dec-16,0,,,,,,,,,
19-Dec-16,0.2,,,,,,,,,
20-Dec-16,9.5,,,,,,,,,
21-Dec-16,3.7,,,,,,,,,
22-Dec-16,1.5,,,,,,,,,
23-Dec-16,11.6,,,,,,,,,
24-Dec-16,2.1,,,,,,,,,
25-Dec-16,5.3,,,,,,,,,
26-Dec-16,0.3,,,,,,,,,
27-Dec-16,0,,,,,,,,,
28-Dec-16,0.1,,,,,,,,,
29-Dec-16,0,,,,,,,,,
30-Dec-16,0,,,,,,,,,
31-Dec-16,6.9,,,,,,,,,
01-Jan-17,0.1,,,,,,,,,
02-Jan-17,0,,,,,,,,,
03-Jan-17,0.3,,,,,,,,,
04-Jan-17,0.1,,,,,,,,,
05-Jan-17,0.6,,,,,,,,,
06-Jan-17,9.4,,,,,,,,,
07-Jan-17,1,,,,,,,,,
08-Jan-17,0.7,,,,,,,,,
09-Jan-17,3.4,,,,,,,,,
10-Jan-17,0.1,,,,,,,,,
11-Jan-17,0,,,,,,,,,
12-Jan-17,4.5,,,,,,,,,
13-Jan-17,0.6,,,,,,,,,
14-Jan-17,0.2,,,,,,,,,
15-Jan-17,0,,,,,,,,,
16-Jan-17,0.3,,,,,,,,,
17-Jan-17,0.5,,,,,,,,,
18-Jan-17,0,,,,,,,,,
19-Jan-17,0,,,,,,,,,
20-Jan-17,0,,,,,,,,,
21-Jan-17,0,,,,,,,,,
22-Jan-17,0,,,,,,,,,
23-Jan-17,0.1,,,,,,,,,
24-Jan-17,1.2,,,,,,,,,
25-Jan-17,0,,,,,,,,,
26-Jan-17,0,,,,,,,,,
27-Jan-17,0.1,,,,,,,,,
28-Jan-17,1.7,,,,,,,,,
29-Jan-17,1,,,,,,,,,
30-Jan-17,5,,,,,,,,,
31-Jan-17,10.5,,,,,,,,,
01-Feb-17,1.7,,,,,,,,,
02-Feb-17,6.4,,,,,,,,,
03-Feb-17,0.3,,,,,,,,,
04-Feb-17,0,,,,,,,,,
05-Feb-17,0.1,,,,,,,,,
06-Feb-17,4.7,,,,,,,,,
07-Feb-17,2.4,,,,,,,,,
08-Feb-17,0,,,,,,,,,
09-Feb-17,0,,,,,,,,,
10-Feb-17,0,,,,,,,,,
11-Feb-17,0,,,,,,,,,
12-Feb-17,2.6,,,,,,,,,
13-Feb-17,0,,,,,,,,,
14-Feb-17,0.5,,,,,,,,,
15-Feb-17,0.1,,,,,,,,,
16-Feb-17,0.9,,,,,,,,,
17-Feb-17,0.4,,,,,,,,,
18-Feb-17,1.9,,,,,,,,,
19-Feb-17,0.6,,,,,,,,,
20-Feb-17,0.6,,,,,,,,,
21-Feb-17,8,,,,,,,,,
22-Feb-17,10.3,,,,,,,,,
23-Feb-17,10.3,,,,,,,,,
24-Feb-17,0.6,,,,,,,,,
25-Feb-17,1.7,,,,,,,,,
26-Feb-17,11.4,,,,,,,,,
27-Feb-17,1.1,,,,,,,,,
28-Feb-17,8.6,,,,,,,,,
01-Mar-17,6.4,,,,,,,,,
02-Mar-17,5.2,,,,,,,,,
03-Mar-17,12.1,,,,,,,,,
04-Mar-17,4.1,,,,,,,,,
05-Mar-17,5.4,,,,,,,,,
06-Mar-17,4.5,,,,,,,,,
07-Mar-17,7.6,,,,,,,,,
08-Mar-17,0.1,,,,,,,,,
09-Mar-17,0.5,,,,,,,,,
10-Mar-17,0.1,,,,,,,,,
11-Mar-17,2,,,,,,,,,
12-Mar-17,2.1,,,,,,,,,
13-Mar-17,0.1,,,,,,,,,
14-Mar-17,0.1,,,,,,,,,
15-Mar-17,0,,,,,,,,,
16-Mar-17,1.3,,,,,,,,,
17-Mar-17,7.2,,,,,,,,,
18-Mar-17,1.4,,,,,,,,,
19-Mar-17,5.7,,,,,,,,,
20-Mar-17,2.5,,,,,,,,,
21-Mar-17,2.1,,,,,,,,,
22-Mar-17,3.4,,,,,,,,,
23-Mar-17,0,,,,,,,,,
24-Mar-17,0.1,,,,,,,,,
25-Mar-17,0,,,,,,,,,
26-Mar-17,0,,,,,,,,,
27-Mar-17,0,,,,,,,,,
28-Mar-17,3.8,,,,,,,,,
29-Mar-17,1,,,,,,,,,
30-Mar-17,0,,,,,,,,,
31-Mar-17,4.9,,,,,,,,,
01-Apr-17,0.3,,,,,,,,,
02-Apr-17,0,,,,,,,,,
03-Apr-17,5.6,,,,,,,,,
04-Apr-17,0,,,,,,,,,
05-Apr-17,0,,,,,,,,,
06-Apr-17,0,,,,,,,,,
07-Apr-17,0,,,,,,,,,
08-Apr-17,0,,,,,,,,,
09-Apr-17,0.9,,,,,,,,,
10-Apr-17,0,,,,,,,,,
11-Apr-17,0,,,,,,,,,
12-Apr-17,1.9,,,,,,,,,
13-Apr-17,0.1,,,,,,,,,
14-Apr-17,1.5,,,,,,,,,
15-Apr-17,0,,,,,,,,,
16-Apr-17,0.7,,,,,,,,,
17-Apr-17,0.3,,,,,,,,,
18-Apr-17,0,,,,,,,,,
19-Apr-17,0.4,,,,,,,,,
20-Apr-17,0,,,,,,,,,
21-Apr-17,0,,,,,,,,,
22-Apr-17,0,,,,,,,,,
23-Apr-17,0.1,,,,,,,,,
24-Apr-17,0.5,,,,,,,,,
25-Apr-17,0.1,,,,,,,,,
26-Apr-17,0,,,,,,,,,
27-Apr-17,0.1,,,,,,,,,
28-Apr-17,0.1,,,,,,,,,
29-Apr-17,0,,,,,,,,,
30-Apr-17,1.5,,,,,,,,,
01-May-17,0,,,,,,,,,
02-May-17,0,,,,,,,,,
03-May-17,0,,,,,,,,,
04-May-17,0,,,,,,,,,
05-May-17,0,,,,,,,,,
06-May-17,0,,,,,,,,,
07-May-17,0,,,,,,,,,
08-May-17,0,,,,,,,,,
09-May-17,0,,,,,,,,,
10-May-17,0,,,,,,,,,
11-May-17,0.3,,,,,,,,,
12-May-17,6.6,,,,,,,,,
13-May-17,18.8,,,,,,,,,
14-May-17,0.6,,,,,,,,,
15-May-17,11.3,,,,,,,,,
16-May-17,0.1,,,,,,,,,
17-May-17,1.7,,,,,,,,,
18-May-17,2.1,,,,,,,,,
19-May-17,5.3,,,,,,,,,
20-May-17,8.4,,,,,,,,,
21-May-17,0.7,,,,,,,,,
22-May-17,0.1,,,,,,,,,
23-May-17,0,,,,,,,,,
24-May-17,0,,,,,,,,,
25-May-17,0,,,,,,,,,
26-May-17,0,,,,,,,,,
27-May-17,11.5,,,,,,,,,
28-May-17,0,,,,,,,,,
29-May-17,2.2,,,,,,,,,
30-May-17,0.5,,,,,,,,,
31-May-17,0.5,,,,,,,,,
01-Jun-17,6.8,,,,,,,,,
02-Jun-17,1.5,,,,,,,,,
03-Jun-17,0.8,,,,,,,,,
04-Jun-17,7.9,,,,,,,,,
05-Jun-17,4.5,,,,,,,,,
06-Jun-17,1.6,,,,,,,,,
07-Jun-17,1.9,,,,,,,,,
08-Jun-17,22.2,,,,,,,,,
09-Jun-17,5.6,,,,,,,,,
10-Jun-17,3.9,,,,,,,,,
11-Jun-17,3.4,,,,,,,,,
12-Jun-17,1.4,,,,,,,,,
13-Jun-17,0.1,,,,,,,,,
14-Jun-17,0.3,,,,,,,,,
15-Jun-17,1.2,,,,,,,,,
16-Jun-17,0,,,,,,,,,
17-Jun-17,0,,,,,,,,,
18-Jun-17,0,,,,,,,,,
19-Jun-17,0,,,,,,,,,
20-Jun-17,0,,,,,,,,,
21-Jun-17,0.6,,,,,,,,,
22-Jun-17,0.4,,,,,,,,,
23-Jun-17,0.6,,,,,,,,,
24-Jun-17,0.2,,,,,,,,,
25-Jun-17,2.4,,,,,,,,,
26-Jun-17,14.9,,,,,,,,,
27-Jun-17,8.3,,,,,,,,,
28-Jun-17,7.5,,,,,,,,,
29-Jun-17,0.1,,,,,,,,,
30-Jun-17,0,,,,,,,,,
01-Jul-17,0.8,,,,,,,,,
02-Jul-17,0,,,,,,,,,
03-Jul-17,2.8,,,,,,,,,
04-Jul-17,1.7,,,,,,,,,
05-Jul-17,0.2,,,,,,,,,
06-Jul-17,0,,,,,,,,,
07-Jul-17,0.6,,,,,,,,,
08-Jul-17,0,,,,,,,,,
09-Jul-17,1,,,,,,,,,
10-Jul-17,2.6,,,,,,,,,
11-Jul-17,1.4,,,,,,,,,
12-Jul-17,0,,,,,,,,,
13-Jul-17,0.1,,,,,,,,,
14-Jul-17,0,,,,,,,,,
15-Jul-17,1.6,,,,,,,,,
16-Jul-17,0.2,,,,,,,,,
17-Jul-17,0,,,,,,,,,
18-Jul-17,0,,,,,,,,,
19-Jul-17,8.9,,,,,,,,,
20-Jul-17,11.5,,,,,,,,,
21-Jul-17,12.5,,,,,,,,,
22-Jul-17,4.2,,,,,,,,,
23-Jul-17,0,,,,,,,,,
24-Jul-17,0,,,,,,,,,
25-Jul-17,1.6,,,,,,,,,
26-Jul-17,13.8,,,,,,,,,
27-Jul-17,7.7,,,,,,,,,
28-Jul-17,2.1,,,,,,,,,
29-Jul-17,6.1,,,,,,,,,
30-Jul-17,4.5,,,,,,,,,
31-Jul-17,4.6,,,,,,,,,
01-Aug-17,3.2,,,,,,,,,
02-Aug-17,11.2,,,,,,,,,
03-Aug-17,4.9,,,,,,,,,
04-Aug-17,0,,,,,,,,,
05-Aug-17,1.2,,,,,,,,,
06-Aug-17,5,,,,,,,,,
07-Aug-17,0.2,,,,,,,,,
08-Aug-17,4.8,,,,,,,,,
09-Aug-17,0.1,,,,,,,,,
10-Aug-17,0.1,,,,,,,,,
11-Aug-17,1,,,,,,,,,
12-Aug-17,0,,,,,,,,,
13-Aug-17,1.2,,,,,,,,,
14-Aug-17,9.1,,,,,,,,,
15-Aug-17,0,,,,,,,,,
16-Aug-17,1.6,,,,,,,,,
17-Aug-17,0.1,,,,,,,,,
18-Aug-17,0.1,,,,,,,,,
19-Aug-17,0.3,,,,,,,,,
20-Aug-17,1.8,,,,,,,,,
21-Aug-17,13.5,,,,,,,,,
22-Aug-17,5.7,,,,,,,,,
23-Aug-17,2.6,,,,,,,,,
24-Aug-17,0.6,,,,,,,,,
25-Aug-17,1.6,,,,,,,,,
26-Aug-17,0.1,,,,,,,,,
27-Aug-17,1.2,,,,,,,,,
28-Aug-17,1.4,,,,,,,,,
29-Aug-17,0,,,,,,,,,
30-Aug-17,4.6,,,,,,,,,
31-Aug-17,0.2,,,,,,,,,
01-Sep-17,0.1,,,,,,,,,
02-Sep-17,5.3,,,,,,,,,
03-Sep-17,6.4,,,,,,,,,
04-Sep-17,1,,,,,,,,,
05-Sep-17,1.7,,,,,,,,,
06-Sep-17,0,,,,,,,,,
07-Sep-17,1.6,,,,,,,,,
08-Sep-17,11,,,,,,,,,
09-Sep-17,3.4,,,,,,,,,
10-Sep-17,5.1,,,,,,,,,
11-Sep-17,2.3,,,,,,,,,
12-Sep-17,12.7,,,,,,,,,
13-Sep-17,1.1,,,,,,,,,
14-Sep-17,2.2,,,,,,,,,
15-Sep-17,0.2,,,,,,,,,
16-Sep-17,3.7,,,,,,,,,
17-Sep-17,0.1,,,,,,,,,
18-Sep-17,0.1,,,,,,,,,
19-Sep-17,0,,,,,,,,,
20-Sep-17,18,,,,,,,,,
21-Sep-17,2.2,,,,,,,,,
22-Sep-17,2.9,,,,,,,,,
23-Sep-17,2.2,,,,,,,,,
24-Sep-17,1.5,,,,,,,,,
25-Sep-17,0.2,,,,,,,,,
26-Sep-17,0,,,,,,,,,
27-Sep-17,21.3,,,,,,,,,
28-Sep-17,4,,,,,,,,,
29-Sep-17,2.5,,,,,,,,,
30-Sep-17,0.3,,,,,,,,,
01-Oct-17,4,,,,,,,,,
02-Oct-17,2,,,,,,,,,
03-Oct-17,0.1,,,,,,,,,
04-Oct-17,8.6,,,,,,,,,
05-Oct-17,0.3,,,,,,,,,
06-Oct-17,0.7,,,,,,,,,
07-Oct-17,0.2,,,,,,,,,
08-Oct-17,0.8,,,,,,,,,
09-Oct-17,4.2,,,,,,,,,
10-Oct-17,1.1,,,,,,,,,
11-Oct-17,6,,,,,,,,,
12-Oct-17,0.4,,,,,,,,,
13-Oct-17,6.2,,,,,,,,,
14-Oct-17,3.5,,,,,,,,,
15-Oct-17,0.3,,,,,,,,,
16-Oct-17,8,,,,,,,,,
17-Oct-17,0,,,,,,,,,
18-Oct-17,0,,,,,,,,,
19-Oct-17,25.2,,,,,,,,,
20-Oct-17,5.4,,,,,,,,,
21-Oct-17,13.2,,,,,,,,,
22-Oct-17,1.4,,,,,,,,,
23-Oct-17,1.3,,,,,,,,,
24-Oct-17,8,,,,,,,,,
25-Oct-17,0.6,,,,,,,,,
26-Oct-17,1,,,,,,,,,
27-Oct-17,0.2,,,,,,,,,
28-Oct-17,0.4,,,,,,,,,
29-Oct-17,0.6,,,,,,,,,
30-Oct-17,0.5,,,,,,,,,
31-Oct-17,0.2,,,,,,,,,
01-Nov-17,0.1,,,,,,,,,
02-Nov-17,0.1,,,,,,,,,
03-Nov-17,0,,,,,,,,,
04-Nov-17,0.4,,,,,,,,,
05-Nov-17,0.6,,,,,,,,,
06-Nov-17,1.1,,,,,,,,,
07-Nov-17,5.9,,,,,,,,,
08-Nov-17,2.8,,,,,,,,,
09-Nov-17,2.2,,,,,,,,,
10-Nov-17,9.4,,,,,,,,,
11-Nov-17,6.4,,,,,,,,,
12-Nov-17,0.4,,,,,,,,,
13-Nov-17,5,,,,,,,,,
14-Nov-17,2.1,,,,,,,,,
15-Nov-17,0.1,,,,,,,,,
16-Nov-17,1.2,,,,,,,,,
17-Nov-17,0.2,,,,,,,,,
18-Nov-17,1.8,,,,,,,,,
19-Nov-17,1.9,,,,,,,,,
20-Nov-17,3,,,,,,,,,
21-Nov-17,1.3,,,,,,,,,
22-Nov-17,21.2,,,,,,,,,
23-Nov-17,1.4,,,,,,,,,
24-Nov-17,0.1,,,,,,,,,
25-Nov-17,2.1,,,,,,,,,
26-Nov-17,7,,,,,,,,,
27-Nov-17,0.2,,,,,,,,,
28-Nov-17,0,,,,,,,,,
29-Nov-17,0.1,,,,,,,,,
30-Nov-17,0.1,,,,,,,,,
01-Dec-17,0,,,,,,,,,
02-Dec-17,0.4,,,,,,,,,
03-Dec-17,0.2,,,,,,,,,
04-Dec-17,0.3,,,,,,,,,
05-Dec-17,0.1,,,,,,,,,
06-Dec-17,4.8,,,,,,,,,
07-Dec-17,8.4,,,,,,,,,
08-Dec-17,9.5,,,,,,,,,
09-Dec-17,0.1,,,,,,,,,
10-Dec-17,13.6,,,,,,,,,
11-Dec-17,0.3,,,,,,,,,
12-Dec-17,1.5,,,,,,,,,
13-Dec-17,7.4,,,,,,,,,
14-Dec-17,3.6,,,,,,,,,
15-Dec-17,0.2,,,,,,,,,
16-Dec-17,0,,,,,,,,,
17-Dec-17,3,,,,,,,,,
18-Dec-17,0.1,,,,,,,,,
19-Dec-17,0,,,,,,,,,
20-Dec-17,0.8,,,,,,,,,
21-Dec-17,4.3,,,,,,,,,
22-Dec-17,0.9,,,,,,,,,
23-Dec-17,0.2,,,,,,,,,
24-Dec-17,7.7,,,,,,,,,
25-Dec-17,12.1,,,,,,,,,
26-Dec-17,0,,,,,,,,,
27-Dec-17,0,,,,,,,,,
28-Dec-17,0.3,,,,,,,,,
29-Dec-17,12.8,,,,,,,,,
30-Dec-17,8.8,,,,,,,,,
31-Dec-17,4.7,,,,,,,,,
01-Jan-18,0.6,,,,,,,,,
02-Jan-18,11,,,,,,,,,
03-Jan-18,3.2,,,,,,,,,
04-Jan-18,9,,,,,,,,,
05-Jan-18,0.2,,,,,,,,,
06-Jan-18,0,,,,,,,,,
07-Jan-18,0.1,,,,,,,,,
08-Jan-18,0,,,,,,,,,
09-Jan-18,5.1,,,,,,,,,
10-Jan-18,0.1,,,,,,,,,
11-Jan-18,0,,,,,,,,,
12-Jan-18,1.3,,,,,,,,,
13-Jan-18,1,,,,,,,,,
14-Jan-18,5.3,,,,,,,,,
15-Jan-18,4.9,,,,,,,,,
16-Jan-18,8.4,,,,,,,,,
17-Jan-18,9.3,,,,,,,,,
18-Jan-18,0.1,,,,,,,,,
19-Jan-18,1.1,,,,,,,,,
20-Jan-18,6.5,,,,,,,,,
21-Jan-18,20,,,,,,,,,
22-Jan-18,0,,,,,,,,,
23-Jan-18,3.6,,,,,,,,,
24-Jan-18,15.2,,,,,,,,,
25-Jan-18,0.9,,,,,,,,,
26-Jan-18,2.2,,,,,,,,,
27-Jan-18,7.1,,,,,,,,,
28-Jan-18,2,,,,,,,,,
29-Jan-18,12.3,,,,,,,,,
30-Jan-18,2.7,,,,,,,,,
31-Jan-18,14.9,,,,,,,,,
01-Feb-18,0.5,,,,,,,,,
02-Feb-18,1.8,,,,,,,,,
03-Feb-18,1,,,,,,,,,
04-Feb-18,0.3,,,,,,,,,
05-Feb-18,2.2,,,,,,,,,
06-Feb-18,0.9,,,,,,,,,
07-Feb-18,3.1,,,,,,,,,
08-Feb-18,3.9,,,,,,,,,
09-Feb-18,0.6,,,,,,,,,
10-Feb-18,8.6,,,,,,,,,
11-Feb-18,1.3,,,,,,,,,
12-Feb-18,2.8,,,,,,,,,
13-Feb-18,5.7,,,,,,,,,
14-Feb-18,3.6,,,,,,,,,
15-Feb-18,3,,,,,,,,,
16-Feb-18,1.6,,,,,,,,,
17-Feb-18,0.2,,,,,,,,,
18-Feb-18,2.7,,,,,,,,,
19-Feb-18,1.5,,,,,,,,,
20-Feb-18,0.1,,,,,,,,,
21-Feb-18,0.1,,,,,,,,,
22-Feb-18,0,,,,,,,,,
23-Feb-18,0,,,,,,,,,
24-Feb-18,0,,,,,,,,,
25-Feb-18,0,,,,,,,,,
26-Feb-18,0,,,,,,,,,
27-Feb-18,0.2,,,,,,,,,
28-Feb-18,6.7,,,,,,,,,
01-Mar-18,7.4,,,,,,,,,
02-Mar-18,4.6,,,,,,,,,
03-Mar-18,0.1,,,,,,,,,
04-Mar-18,2.1,,,,,,,,,
05-Mar-18,1.1,,,,,,,,,
06-Mar-18,0.3,,,,,,,,,
07-Mar-18,0.6,,,,,,,,,
08-Mar-18,0.9,,,,,,,,,
09-Mar-18,2.4,,,,,,,,,
10-Mar-18,3.7,,,,,,,,,
11-Mar-18,0.3,,,,,,,,,
12-Mar-18,2.6,,,,,,,,,
13-Mar-18,0,,,,,,,,,
14-Mar-18,6.9,,,,,,,,,
15-Mar-18,0.6,,,,,,,,,
16-Mar-18,1.5,,,,,,,,,
17-Mar-18,3.1,,,,,,,,,
18-Mar-18,4.4,,,,,,,,,
19-Mar-18,0,,,,,,,,,
20-Mar-18,0,,,,,,,,,
21-Mar-18,0,,,,,,,,,
22-Mar-18,5.5,,,,,,,,,
23-Mar-18,3.7,,,,,,,,,
24-Mar-18,0.4,,,,,,,,,
25-Mar-18,0.1,,,,,,,,,
26-Mar-18,3.4,,,,,,,,,
27-Mar-18,2,,,,,,,,,
28-Mar-18,1,,,,,,,,,
29-Mar-18,9.8,,,,,,,,,
30-Mar-18,5.1,,,,,,,,,
31-Mar-18,0,,,,,,,,,
01-Apr-18,0.4,,,,,,,,,
02-Apr-18,8,,,,,,,,,
03-Apr-18,7,,,,,,,,,
04-Apr-18,0.3,,,,,,,,,
05-Apr-18,0,,,,,,,,,
06-Apr-18,3.1,,,,,,,,,
07-Apr-18,4.6,,,,,,,,,
08-Apr-18,1.8,,,,,,,,,
09-Apr-18,0.6,,,,,,,,,
10-Apr-18,0.7,,,,,,,,,
11-Apr-18,0.3,,,,,,,,,
12-Apr-18,0.5,,,,,,,,,
13-Apr-18,0.3,,,,,,,,,
14-Apr-18,0,,,,,,,,,
15-Apr-18,1.3,,,,,,,,,
16-Apr-18,4.6,,,,,,,,,
17-Apr-18,3.4,,,,,,,,,
18-Apr-18,0,,,,,,,,,
19-Apr-18,0.1,,,,,,,,,
20-Apr-18,0,,,,,,,,,
21-Apr-18,0,,,,,,,,,
22-Apr-18,2.3,,,,,,,,,
23-Apr-18,0.9,,,,,,,,,
24-Apr-18,6.9,,,,,,,,,
25-Apr-18,4.2,,,,,,,,,
26-Apr-18,3.2,,,,,,,,,
27-Apr-18,0.4,,,,,,,,,
28-Apr-18,0.9,,,,,,,,,
29-Apr-18,3.1,,,,,,,,,
30-Apr-18,0,,,,,,,,,
01-May-18,5.6,,,,,,,,,
02-May-18,1.3,,,,,,,,,
03-May-18,2.6,,,,,,,,,
04-May-18,0.1,,,,,,,,,
05-May-18,0,,,,,,,,,
06-May-18,0,,,,,,,,,
07-May-18,0,,,,,,,,,
08-May-18,2.2,,,,,,,,,
09-May-18,4.5,,,,,,,,,
10-May-18,1.2,,,,,,,,,
11-May-18,6.1,,,,,,,,,
12-May-18,0.1,,,,,,,,,
13-May-18,0,,,,,,,,,
14-May-18,0,,,,,,,,,
15-May-18,0.1,,,,,,,,,
16-May-18,0,,,,,,,,,
17-May-18,0,,,,,,,,,
18-May-18,0,,,,,,,,,
19-May-18,0,,,,,,,,,
20-May-18,4,,,,,,,,,
21-May-18,6,,,,,,,,,
22-May-18,0,,,,,,,,,
23-May-18,0,,,,,,,,,
24-May-18,0.1,,,,,,,,,
25-May-18,0,,,,,,,,,
26-May-18,0,,,,,,,,,
27-May-18,0,,,,,,,,,
28-May-18,0,,,,,,,,,
29-May-18,0,,,,,,,,,
30-May-18,0,,,,,,,,,
31-May-18,0,,,,,,,,,
01-Jun-18,15.1,,,,,,,,,
02-Jun-18,0.1,,,,,,,,,
03-Jun-18,0,,,,,,,,,
04-Jun-18,0,,,,,,,,,
05-Jun-18,0,,,,,,,,,
06-Jun-18,0,,,,,,,,,
07-Jun-18,0,,,,,,,,,
08-Jun-18,0.1,,,,,,,,,
09-Jun-18,0,,,,,,,,,
10-Jun-18,0,,,,,,,,,
11-Jun-18,0.2,,,,,,,,,
12-Jun-18,0,,,,,,,,,
13-Jun-18,1.8,,,,,,,,,
14-Jun-18,0.4,,,,,,,,,
15-Jun-18,0.9,,,,,,,,,
16-Jun-18,4.7,,,,,,,,,
17-Jun-18,0.4,,,,,,,,,
18-Jun-18,0.3,,,,,,,,,
19-Jun-18,0.8,,,,,,,,,
20-Jun-18,2.3,,,,,,,,,
21-Jun-18,0,,,,,,,,,
22-Jun-18,0,,,,,,,,,
23-Jun-18,0,,,,,,,,,
24-Jun-18,0,,,,,,,,,
25-Jun-18,0,,,,,,,,,
26-Jun-18,0,,,,,,,,,
27-Jun-18,0,,,,,,,,,
28-Jun-18,0,,,,,,,,,
29-Jun-18,0,,,,,,,,,
30-Jun-18,0,,,,,,,,,
01-Jul-18,0,,,,,,,,,
02-Jul-18,0,,,,,,,,,
03-Jul-18,0,,,,,,,,,
04-Jul-18,0,,,,,,,,,
05-Jul-18,0,,,,,,,,,
06-Jul-18,0,,,,,,,,,
07-Jul-18,0,,,,,,,,,
08-Jul-18,0,,,,,,,,,
09-Jul-18,0,,,,,,,,,
10-Jul-18,0,,,,,,,,,
11-Jul-18,0,,,,,,,,,
12-Jul-18,0,,,,,,,,,
13-Jul-18,0,,,,,,,,,
14-Jul-18,0,,,,,,,,,
15-Jul-18,6.7,,,,,,,,,
16-Jul-18,0.1,,,,,,,,,
17-Jul-18,0.4,,,,,,,,,
18-Jul-18,0,,,,,,,,,
19-Jul-18,0,,,,,,,,,
20-Jul-18,8.1,,,,,,,,,
21-Jul-18,0,,,,,,,,,
22-Jul-18,0,,,,,,,,,
23-Jul-18,1.8,,,,,,,,,
24-Jul-18,0.1,,,,,,,,,
25-Jul-18,0,,,,,,,,,
26-Jul-18,1,,,,,,,,,
27-Jul-18,4.3,,,,,,,,,
28-Jul-18,9,,,,,,,,,
29-Jul-18,0,,,,,,,,,
30-Jul-18,0.8,,,,,,,,,
31-Jul-18,1.2,,,,,,,,,
01-Aug-18,8.5,,,,,,,,,
02-Aug-18,2,,,,,,,,,
03-Aug-18,0.4,,,,,,,,,
04-Aug-18,0,,,,,,,,,
05-Aug-18,0,,,,,,,,,
06-Aug-18,0.2,,,,,,,,,
07-Aug-18,0,,,,,,,,,
08-Aug-18,0.5,,,,,,,,,
09-Aug-18,0.6,,,,,,,,,
10-Aug-18,0.3,,,,,,,,,
11-Aug-18,0.4,,,,,,,,,
12-Aug-18,0.5,,,,,,,,,
13-Aug-18,0.1,,,,,,,,,
14-Aug-18,0.7,,,,,,,,,
15-Aug-18,3.2,,,,,,,,,
16-Aug-18,0.4,,,,,,,,,
17-Aug-18,3.9,,,,,,,,,
18-Aug-18,8.5,,,,,,,,,
19-Aug-18,1.8,,,,,,,,,
20-Aug-18,0.6,,,,,,,,,
21-Aug-18,0.1,,,,,,,,,
22-Aug-18,3.1,,,,,,,,,
23-Aug-18,2.1,,,,,,,,,
24-Aug-18,3.8,,,,,,,,,
25-Aug-18,0,,,,,,,,,
26-Aug-18,13.7,,,,,,,,,
27-Aug-18,0.6,,,,,,,,,
28-Aug-18,3.1,,,,,,,,,
29-Aug-18,0.1,,,,,,,,,
30-Aug-18,0,,,,,,,,,
31-Aug-18,1,,,,,,,,,
01-Sep-18,0.1,,,,,,,,,
02-Sep-18,1.8,,,,,,,,,
03-Sep-18,0,,,,,,,,,
04-Sep-18,0,,,,,,,,,
05-Sep-18,1.2,,,,,,,,,
06-Sep-18,3,,,,,,,,,
07-Sep-18,0.1,,,,,,,,,
08-Sep-18,3.1,,,,,,,,,
09-Sep-18,0.3,,,,,,,,,
10-Sep-18,3.8,,,,,,,,,
11-Sep-18,2.1,,,,,,,,,
12-Sep-18,0,,,,,,,,,
13-Sep-18,2.7,,,,,,,,,
14-Sep-18,1.3,,,,,,,,,
15-Sep-18,0.6,,,,,,,,,
16-Sep-18,1.6,,,,,,,,,
17-Sep-18,1.5,,,,,,,,,
18-Sep-18,5.5,,,,,,,,,
19-Sep-18,3.8,,,,,,,,,
20-Sep-18,10.3,,,,,,,,,
21-Sep-18,1,,,,,,,,,
22-Sep-18,0,,,,,,,,,
23-Sep-18,0.7,,,,,,,,,
24-Sep-18,0.1,,,,,,,,,
25-Sep-18,0.2,,,,,,,,,
26-Sep-18,0.1,,,,,,,,,
27-Sep-18,0.5,,,,,,,,,
28-Sep-18,0.2,,,,,,,,,
29-Sep-18,0,,,,,,,,,
30-Sep-18,0.2,,,,,,,,,
01-Oct-18,1,,,,,,,,,
02-Oct-18,2.6,,,,,,,,,
03-Oct-18,0.4,,,,,,,,,
04-Oct-18,2.4,,,,,,,,,
05-Oct-18,0.7,,,,,,,,,
06-Oct-18,0,,,,,,,,,
07-Oct-18,0,,,,,,,,,
08-Oct-18,0.8,,,,,,,,,
09-Oct-18,0,,,,,,,,,
10-Oct-18,0.5,,,,,,,,,
11-Oct-18,5,,,,,,,,,
12-Oct-18,10.2,,,,,,,,,
13-Oct-18,9.8,,,,,,,,,
14-Oct-18,0,,,,,,,,,
15-Oct-18,0,,,,,,,,,
16-Oct-18,0.6,,,,,,,,,
17-Oct-18,0.6,,,,,,,,,
18-Oct-18,0,,,,,,,,,
19-Oct-18,0,,,,,,,,,
20-Oct-18,0,,,,,,,,,
21-Oct-18,2.3,,,,,,,,,
22-Oct-18,0,,,,,,,,,
23-Oct-18,0.1,,,,,,,,,
24-Oct-18,0,,,,,,,,,
25-Oct-18,0.6,,,,,,,,,
26-Oct-18,0.7,,,,,,,,,
27-Oct-18,1,,,,,,,,,
28-Oct-18,0,,,,,,,,,
29-Oct-18,0,,,,,,,,,
30-Oct-18,0.6,,,,,,,,,
31-Oct-18,1.8,,,,,,,,,
01-Nov-18,0.2,,,,,,,,,
02-Nov-18,4.7,,,,,,,,,
03-Nov-18,5.4,,,,,,,,,
04-Nov-18,2.6,,,,,,,,,
05-Nov-18,9.8,,,,,,,,,
06-Nov-18,7.6,,,,,,,,,
07-Nov-18,8,,,,,,,,,
08-Nov-18,0.8,,,,,,,,,
09-Nov-18,14.1,,,,,,,,,
10-Nov-18,0.4,,,,,,,,,
11-Nov-18,1.5,,,,,,,,,
12-Nov-18,0.2,,,,,,,,,
13-Nov-18,4,,,,,,,,,
14-Nov-18,4.6,,,,,,,,,
15-Nov-18,1.9,,,,,,,,,
16-Nov-18,0.1,,,,,,,,,
17-Nov-18,0.1,,,,,,,,,
18-Nov-18,0.2,,,,,,,,,
19-Nov-18,0.1,,,,,,,,,
20-Nov-18,9.7,,,,,,,,,
21-Nov-18,6.4,,,,,,,,,
22-Nov-18,1,,,,,,,,,
23-Nov-18,0.1,,,,,,,,,
24-Nov-18,0.3,,,,,,,,,
25-Nov-18,1.2,,,,,,,,,
26-Nov-18,0.1,,,,,,,,,
27-Nov-18,8.5,,,,,,,,,
28-Nov-18,5.5,,,,,,,,,
29-Nov-18,5.6,,,,,,,,,
30-Nov-18,1.1,,,,,,,,,
01-Dec-18,4.7,,,,,,,,,
02-Dec-18,4.5,,,,,,,,,
03-Dec-18,1.6,,,,,,,,,
04-Dec-18,0.3,,,,,,,,,
05-Dec-18,10.6,,,,,,,,,
06-Dec-18,3.9,,,,,,,,,
07-Dec-18,4.9,,,,,,,,,
08-Dec-18,6.4,,,,,,,,,
09-Dec-18,0.6,,,,,,,,,
10-Dec-18,0.2,,,,,,,,,
11-Dec-18,2.6,,,,,,,,,
12-Dec-18,2.9,,,,,,,,,
13-Dec-18,8.6,,,,,,,,,
14-Dec-18,0.5,,,,,,,,,
15-Dec-18,16.2,,,,,,,,,
16-Dec-18,0.3,,,,,,,,,
17-Dec-18,0.3,,,,,,,,,
18-Dec-18,4.3,,,,,,,,,
19-Dec-18,2.7,,,,,,,,,
20-Dec-18,4.5,,,,,,,,,
21-Dec-18,3.1,,,,,,,,,
22-Dec-18,4.8,,,,,,,,,
23-Dec-18,9.6,,,,,,,,,
24-Dec-18,0.6,,,,,,,,,
25-Dec-18,0,,,,,,,,,
26-Dec-18,0.2,,,,,,,,,
27-Dec-18,0,,,,,,,,,
28-Dec-18,0.4,,,,,,,,,
29-Dec-18,0.8,,,,,,,,,
30-Dec-18,0.5,,,,,,,,,
31-Dec-18,0,,,,,,,,,
01-Jan-19,0.3,,,,,,,,,
02-Jan-19,0,,,,,,,,,
03-Jan-19,0.1,,,,,,,,,
04-Jan-19,0,,,,,,,,,
05-Jan-19,0,,,,,,,,,
06-Jan-19,0.2,,,,,,,,,
07-Jan-19,1,,,,,,,,,
08-Jan-19,0.3,,,,,,,,,
09-Jan-19,0.7,,,,,,,,,
10-Jan-19,0.5,,,,,,,,,
11-Jan-19,0.2,,,,,,,,,
12-Jan-19,1.3,,,,,,,,,
13-Jan-19,1,,,,,,,,,
14-Jan-19,0.2,,,,,,,,,
15-Jan-19,1.1,,,,,,,,,
16-Jan-19,2.3,,,,,,,,,
17-Jan-19,0,,,,,,,,,
18-Jan-19,5.3,,,,,,,,,
19-Jan-19,0.5,,,,,,,,,
20-Jan-19,0.8,,,,,,,,,
21-Jan-19,5.1,,,,,,,,,
22-Jan-19,0.3,,,,,,,,,
23-Jan-19,1.2,,,,,,,,,
24-Jan-19,2.3,,,,,,,,,
25-Jan-19,0.2,,,,,,,,,
26-Jan-19,8.6,,,,,,,,,
27-Jan-19,0.2,,,,,,,,,
28-Jan-19,0.7,,,,,,,,,
29-Jan-19,2.2,,,,,,,,,
30-Jan-19,2,,,,,,,,,
31-Jan-19,2.7,,,,,,,,,
01-Feb-19,0,,,,,,,,,
02-Feb-19,0,,,,,,,,,
03-Feb-19,3.6,,,,,,,,,
04-Feb-19,0.2,,,,,,,,,
05-Feb-19,9.8,,,,,,,,,
06-Feb-19,4.8,,,,,,,,,
07-Feb-19,4.4,,,,,,,,,
08-Feb-19,4.7,,,,,,,,,
09-Feb-19,6.2,,,,,,,,,
10-Feb-19,2.2,,,,,,,,,
11-Feb-19,0.2,,,,,,,,,
12-Feb-19,0.4,,,,,,,,,
13-Feb-19,0,,,,,,,,,
14-Feb-19,0,,,,,,,,,
15-Feb-19,0.2,,,,,,,,,
16-Feb-19,0.1,,,,,,,,,
17-Feb-19,0.5,,,,,,,,,
18-Feb-19,2.1,,,,,,,,,
19-Feb-19,8.4,,,,,,,,,
20-Feb-19,0,,,,,,,,,
21-Feb-19,0,,,,,,,,,
22-Feb-19,0,,,,,,,,,
23-Feb-19,0.9,,,,,,,,,
24-Feb-19,0,,,,,,,,,
25-Feb-19,0,,,,,,,,,
26-Feb-19,0,,,,,,,,,
27-Feb-19,0,,,,,,,,,
28-Feb-19,0.1,,,,,,,,,
01-Mar-19,10.6,,,,,,,,,
02-Mar-19,4,,,,,,,,,
03-Mar-19,16.1,,,,,,,,,
04-Mar-19,6.2,,,,,,,,,
05-Mar-19,18,,,,,,,,,
06-Mar-19,9.9,,,,,,,,,
07-Mar-19,1.3,,,,,,,,,
08-Mar-19,2.7,,,,,,,,,
09-Mar-19,5,,,,,,,,,
10-Mar-19,7.9,,,,,,,,,
11-Mar-19,4.4,,,,,,,,,
12-Mar-19,6.9,,,,,,,,,
13-Mar-19,6.9,,,,,,,,,
14-Mar-19,13.6,,,,,,,,,
15-Mar-19,8,,,,,,,,,
16-Mar-19,25.3,,,,,,,,,
17-Mar-19,3.3,,,,,,,,,
18-Mar-19,3.1,,,,,,,,,
19-Mar-19,1.2,,,,,,,,,
20-Mar-19,0.4,,,,,,,,,
21-Mar-19,0.8,,,,,,,,,
22-Mar-19,1.4,,,,,,,,,
23-Mar-19,0,,,,,,,,,
24-Mar-19,0,,,,,,,,,
25-Mar-19,0,,,,,,,,,
26-Mar-19,0,,,,,,,,,
27-Mar-19,0,,,,,,,,,
28-Mar-19,0,,,,,,,,,
29-Mar-19,0,,,,,,,,,
30-Mar-19,0.1,,,,,,,,,
31-Mar-19,0,,,,,,,,,
01-Apr-19,1,,,,,,,,,
02-Apr-19,1.1,,,,,,,,,
03-Apr-19,3.2,,,,,,,,,
04-Apr-19,3.3,,,,,,,,,
05-Apr-19,2,,,,,,,,,
06-Apr-19,0.1,,,,,,,,,
07-Apr-19,0,,,,,,,,,
08-Apr-19,1.6,,,,,,,,,
09-Apr-19,0.8,,,,,,,,,
10-Apr-19,0,,,,,,,,,
11-Apr-19,0,,,,,,,,,
12-Apr-19,0,,,,,,,,,
13-Apr-19,0,,,,,,,,,
14-Apr-19,3.2,,,,,,,,,
15-Apr-19,10.9,,,,,,,,,
16-Apr-19,0.3,,,,,,,,,
17-Apr-19,0,,,,,,,,,
18-Apr-19,0,,,,,,,,,
19-Apr-19,0,,,,,,,,,
20-Apr-19,0,,,,,,,,,
21-Apr-19,0.1,,,,,,,,,
22-Apr-19,0,,,,,,,,,
23-Apr-19,0,,,,,,,,,
24-Apr-19,7.5,,,,,,,,,
25-Apr-19,3.5,,,,,,,,,
26-Apr-19,5.1,,,,,,,,,
27-Apr-19,6.2,,,,,,,,,
28-Apr-19,1,,,,,,,,,
29-Apr-19,0.1,,,,,,,,,
30-Apr-19,7.6,,,,,,,,,
01-May-19,0.9,,,,,,,,,
02-May-19,0.3,,,,,,,,,
03-May-19,0,,,,,,,,,
04-May-19,0,,,,,,,,,
05-May-19,0,,,,,,,,,
06-May-19,0,,,,,,,,,
07-May-19,0.4,,,,,,,,,
08-May-19,0.2,,,,,,,,,
09-May-19,12.2,,,,,,,,,
10-May-19,0,,,,,,,,,
11-May-19,0.1,,,,,,,,,
12-May-19,0,,,,,,,,,
13-May-19,0,,,,,,,,,
14-May-19,0,,,,,,,,,
15-May-19,0,,,,,,,,,
16-May-19,2.5,,,,,,,,,
17-May-19,1.5,,,,,,,,,
18-May-19,0,,,,,,,,,
19-May-19,0,,,,,,,,,
20-May-19,0,,,,,,,,,
21-May-19,0,,,,,,,,,
22-May-19,0,,,,,,,,,
23-May-19,0,,,,,,,,,
24-May-19,0,,,,,,,,,
25-May-19,0.7,,,,,,,,,
26-May-19,2.3,,,,,,,,,
27-May-19,5.9,,,,,,,,,
28-May-19,0.2,,,,,,,,,
29-May-19,8.3,,,,,,,,,
30-May-19,2.9,,,,,,,,,
31-May-19,4.8,,,,,,,,,
01-Jun-19,2.6,,,,,,,,,
02-Jun-19,0.8,,,,,,,,,
03-Jun-19,1.9,,,,,,,,,
04-Jun-19,27.2,,,,,,,,,
05-Jun-19,12.1,,,,,,,,,
06-Jun-19,1.1,,,,,,,,,
07-Jun-19,0.2,,,,,,,,,
08-Jun-19,0.3,,,,,,,,,
09-Jun-19,0.4,,,,,,,,,
10-Jun-19,4.3,,,,,,,,,
11-Jun-19,0.1,,,,,,,,,
12-Jun-19,1.8,,,,,,,,,
13-Jun-19,1.3,,,,,,,,,
14-Jun-19,1.9,,,,,,,,,
15-Jun-19,0.2,,,,,,,,,
16-Jun-19,5.9,,,,,,,,,
17-Jun-19,2.8,,,,,,,,,
18-Jun-19,0,,,,,,,,,
19-Jun-19,0.2,,,,,,,,,
20-Jun-19,1.8,,,,,,,,,
21-Jun-19,0.1,,,,,,,,,
22-Jun-19,0,,,,,,,,,
23-Jun-19,10.8,,,,,,,,,
24-Jun-19,0.4,,,,,,,,,
25-Jun-19,0,,,,,,,,,
26-Jun-19,0,,,,,,,,,
27-Jun-19,0,,,,,,,,,
28-Jun-19,0,,,,,,,,,
29-Jun-19,0.7,,,,,,,,,
30-Jun-19,0.7,,,,,,,,,
01-Jul-19,0.3,,,,,,,,,
02-Jul-19,0,,,,,,,,,
03-Jul-19,0,,,,,,,,,
04-Jul-19,0,,,,,,,,,
05-Jul-19,0,,,,,,,,,
06-Jul-19,1.6,,,,,,,,,
07-Jul-19,0,,,,,,,,,
08-Jul-19,0.2,,,,,,,,,
09-Jul-19,0,,,,,,,,,
10-Jul-19,7.1,,,,,,,,,
11-Jul-19,0.7,,,,,,,,,
12-Jul-19,0,,,,,,,,,
13-Jul-19,0,,,,,,,,,
14-Jul-19,0,,,,,,,,,
15-Jul-19,0,,,,,,,,,
16-Jul-19,1.1,,,,,,,,,
17-Jul-19,6.1,,,,,,,,,
18-Jul-19,0,,,,,,,,,
19-Jul-19,29.4,,,,,,,,,
20-Jul-19,7.6,,,,,,,,,
21-Jul-19,18.1,,,,,,,,,
22-Jul-19,0,,,,,,,,,
23-Jul-19,0,,,,,,,,,
24-Jul-19,0.1,,,,,,,,,
25-Jul-19,0,,,,,,,,,
26-Jul-19,0.5,,,,,,,,,
27-Jul-19,0,,,,,,,,,
28-Jul-19,0,,,,,,,,,
29-Jul-19,3.9,,,,,,,,,
30-Jul-19,1.4,,,,,,,,,
31-Jul-19,0,,,,,,,,,
01-Aug-19,0,,,,,,,,,
02-Aug-19,0,,,,,,,,,
03-Aug-19,0.9,,,,,,,,,
04-Aug-19,5.8,,,,,,,,,
05-Aug-19,3.8,,,,,,,,,
06-Aug-19,17.6,,,,,,,,,
07-Aug-19,0.8,,,,,,,,,
08-Aug-19,3.1,,,,,,,,,
09-Aug-19,25,,,,,,,,,
10-Aug-19,25.8,,,,,,,,,
11-Aug-19,0.1,,,,,,,,,
12-Aug-19,2.1,,,,,,,,,
13-Aug-19,2.3,,,,,,,,,
14-Aug-19,4.9,,,,,,,,,
15-Aug-19,0,,,,,,,,,
16-Aug-19,11.1,,,,,,,,,
17-Aug-19,0.6,,,,,,,,,
18-Aug-19,3.3,,,,,,,,,
19-Aug-19,6.5,,,,,,,,,
20-Aug-19,9.1,,,,,,,,,
21-Aug-19,7.4,,,,,,,,,
22-Aug-19,3.8,,,,,,,,,
23-Aug-19,0,,,,,,,,,
24-Aug-19,0,,,,,,,,,
25-Aug-19,0.3,,,,,,,,,
26-Aug-19,0.1,,,,,,,,,
27-Aug-19,0.2,,,,,,,,,
28-Aug-19,0.9,,,,,,,,,
29-Aug-19,0.1,,,,,,,,,
30-Aug-19,5.5,,,,,,,,,
31-Aug-19,10.8,,,,,,,,,
01-Sep-19,0,,,,,,,,,
02-Sep-19,2.8,,,,,,,,,
03-Sep-19,3,,,,,,,,,
04-Sep-19,1.1,,,,,,,,,
05-Sep-19,0,,,,,,,,,
06-Sep-19,3.2,,,,,,,,,
07-Sep-19,0.1,,,,,,,,,
08-Sep-19,3.5,,,,,,,,,
09-Sep-19,5.2,,,,,,,,,
10-Sep-19,0.6,,,,,,,,,
11-Sep-19,3.9,,,,,,,,,
12-Sep-19,1.1,,,,,,,,,
13-Sep-19,0.1,,,,,,,,,
14-Sep-19,0.1,,,,,,,,,
15-Sep-19,10.2,,,,,,,,,
16-Sep-19,0.3,,,,,,,,,
17-Sep-19,0.1,,,,,,,,,
18-Sep-19,0,,,,,,,,,
19-Sep-19,0,,,,,,,,,
20-Sep-19,0.1,,,,,,,,,
21-Sep-19,3.5,,,,,,,,,
22-Sep-19,22.2,,,,,,,,,
23-Sep-19,4.4,,,,,,,,,
24-Sep-19,0.1,,,,,,,,,
25-Sep-19,4.6,,,,,,,,,
26-Sep-19,0.8,,,,,,,,,
27-Sep-19,20.7,,,,,,,,,
28-Sep-19,11,,,,,,,,,
29-Sep-19,3.5,,,,,,,,,
30-Sep-19,25.5,,,,,,,,,
01-Oct-19,0.1,,,,,,,,,
02-Oct-19,0,,,,,,,,,
03-Oct-19,8.5,,,,,,,,,
04-Oct-19,7.5,,,,,,,,,
05-Oct-19,8.9,,,,,,,,,
06-Oct-19,2.5,,,,,,,,,
07-Oct-19,6.2,,,,,,,,,
08-Oct-19,7.9,,,,,,,,,
09-Oct-19,1.6,,,,,,,,,
10-Oct-19,2.7,,,,,,,,,
11-Oct-19,0.8,,,,,,,,,
12-Oct-19,0.2,,,,,,,,,
13-Oct-19,7.4,,,,,,,,,
14-Oct-19,11,,,,,,,,,
15-Oct-19,5,,,,,,,,,
16-Oct-19,0.1,,,,,,,,,
17-Oct-19,0.7,,,,,,,,,
18-Oct-19,4.2,,,,,,,,,
19-Oct-19,0.8,,,,,,,,,
20-Oct-19,0.2,,,,,,,,,
21-Oct-19,0.1,,,,,,,,,
22-Oct-19,0,,,,,,,,,
23-Oct-19,5.3,,,,,,,,,
24-Oct-19,0.8,,,,,,,,,
25-Oct-19,4.7,,,,,,,,,
26-Oct-19,0,,,,,,,,,
27-Oct-19,0,,,,,,,,,
28-Oct-19,0,,,,,,,,,
29-Oct-19,0,,,,,,,,,
30-Oct-19,0.6,,,,,,,,,
31-Oct-19,3,,,,,,,,,
01-Nov-19,19.4,,,,,,,,,
02-Nov-19,9,,,,,,,,,
03-Nov-19,5.2,,,,,,,,,
04-Nov-19,3.1,,,,,,,,,
05-Nov-19,0,,,,,,,,,
06-Nov-19,6,,,,,,,,,
07-Nov-19,5.5,,,,,,,,,
08-Nov-19,0.1,,,,,,,,,
09-Nov-19,5.3,,,,,,,,,
10-Nov-19,8.8,,,,,,,,,
11-Nov-19,2.6,,,,,,,,,
12-Nov-19,0.9,,,,,,,,,
13-Nov-19,20.3,,,,,,,,,
14-Nov-19,0.1,,,,,,,,,
15-Nov-19,0,,,,,,,,,
16-Nov-19,0,,,,,,,,,
17-Nov-19,0,,,,,,,,,
18-Nov-19,0,,,,,,,,,
19-Nov-19,0.5,,,,,,,,,
20-Nov-19,0.5,,,,,,,,,
21-Nov-19,5.7,,,,,,,,,
22-Nov-19,9.2,,,,,,,,,
23-Nov-19,9.5,,,,,,,,,
24-Nov-19,1,,,,,,,,,
25-Nov-19,8,,,,,,,,,
26-Nov-19,4.6,,,,,,,,,
27-Nov-19,0.1,,,,,,,,,
28-Nov-19,0.8,,,,,,,,,
29-Nov-19,0.1,,,,,,,,,
30-Nov-19,0.4,,,,,,,,,
01-Dec-19,0,,,,,,,,,
02-Dec-19,0,,,,,,,,,
03-Dec-19,0,,,,,,,,,
04-Dec-19,0.3,,,,,,,,,
05-Dec-19,2.4,,,,,,,,,
06-Dec-19,2.4,,,,,,,,,
07-Dec-19,6.3,,,,,,,,,
08-Dec-19,10.6,,,,,,,,,
09-Dec-19,0.1,,,,,,,,,
10-Dec-19,13.8,,,,,,,,,
11-Dec-19,1.2,,,,,,,,,
12-Dec-19,12.4,,,,,,,,,
13-Dec-19,1.5,,,,,,,,,
14-Dec-19,1.3,,,,,,,,,
15-Dec-19,0.3,,,,,,,,,
16-Dec-19,0.1,,,,,,,,,
17-Dec-19,2,,,,,,,,,
18-Dec-19,6,,,,,,,,,
19-Dec-19,7,,,,,,,,,
20-Dec-19,2.8,,,,,,,,,
21-Dec-19,0.3,,,,,,,,,
22-Dec-19,0.8,,,,,,,,,
23-Dec-19,2.5,,,,,,,,,
24-Dec-19,2.9,,,,,,,,,
25-Dec-19,0.2,,,,,,,,,
26-Dec-19,3.6,,,,,,,,,
27-Dec-19,1.4,,,,,,,,,
28-Dec-19,0,,,,,,,,,
29-Dec-19,0,,,,,,,,,
30-Dec-19,0.6,,,,,,,,,
31-Dec-19,0,,,,,,,,,
01-Jan-20,0,,,,,,,,,
02-Jan-20,5.2,,,,,,,,,
03-Jan-20,0,,,,,,,,,
04-Jan-20,1.2,,,,,,,,,
05-Jan-20,0.4,,,,,,,,,
06-Jan-20,5.9,,,,,,,,,
07-Jan-20,0.6,,,,,,,,,
08-Jan-20,0.7,,,,,,,,,
09-Jan-20,6.5,,,,,,,,,
10-Jan-20,0.7,,,,,,,,,
11-Jan-20,4.7,,,,,,,,,
12-Jan-20,1.2,,,,,,,,,
13-Jan-20,6.7,,,,,,,,,
14-Jan-20,2.2,,,,,,,,,
15-Jan-20,0.1,,,,,,,,,
16-Jan-20,4.8,,,,,,,,,
17-Jan-20,0,,,,,,,,,
18-Jan-20,0,,,,,,,,,
19-Jan-20,0,,,,,,,,,
20-Jan-20,0,,,,,,,,,
21-Jan-20,0,,,,,,,,,
22-Jan-20,0,,,,,,,,,
23-Jan-20,0.2,,,,,,,,,
24-Jan-20,0.5,,,,,,,,,
25-Jan-20,0.1,,,,,,,,,
26-Jan-20,4.5,,,,,,,,,
27-Jan-20,4.3,,,,,,,,,
28-Jan-20,0.9,,,,,,,,,
29-Jan-20,0.1,,,,,,,,,
30-Jan-20,0.1,,,,,,,,,
31-Jan-20,2.8,,,,,,,,,
01-Feb-20,1.6,,,,,,,,,
02-Feb-20,3.3,,,,,,,,,
03-Feb-20,0.6,,,,,,,,,
04-Feb-20,1.4,,,,,,,,,
05-Feb-20,0,,,,,,,,,
06-Feb-20,0,,,,,,,,,
07-Feb-20,1.8,,,,,,,,,
08-Feb-20,7.9,,,,,,,,,
09-Feb-20,26.2,,,,,,,,,
10-Feb-20,4.1,,,,,,,,,
11-Feb-20,7.6,,,,,,,,,
12-Feb-20,6.5,,,,,,,,,
13-Feb-20,2.9,,,,,,,,,
14-Feb-20,11,,,,,,,,,
15-Feb-20,12.4,,,,,,,,,
16-Feb-20,6.8,,,,,,,,,
17-Feb-20,1.7,,,,,,,,,
18-Feb-20,3.8,,,,,,,,,
19-Feb-20,11.6,,,,,,,,,
20-Feb-20,8.6,,,,,,,,,
21-Feb-20,16.1,,,,,,,,,
22-Feb-20,7.2,,,,,,,,,
23-Feb-20,9.1,,,,,,,,,
24-Feb-20,16.1,,,,,,,,,
25-Feb-20,3.2,,,,,,,,,
26-Feb-20,3.1,,,,,,,,,
27-Feb-20,0.1,,,,,,,,,
28-Feb-20,10.2,,,,,,,,,
29-Feb-20,12.6,,,,,,,,,
01-Mar-20,2.4,,,,,,,,,
02-Mar-20,0,,,,,,,,,
03-Mar-20,0,,,,,,,,,
04-Mar-20,0,,,,,,,,,
05-Mar-20,0.4,,,,,,,,,
06-Mar-20,1.9,,,,,,,,,
07-Mar-20,3.5,,,,,,,,,
08-Mar-20,2.9,,,,,,,,,
09-Mar-20,11.6,,,,,,,,,
10-Mar-20,4.1,,,,,,,,,
11-Mar-20,8.4,,,,,,,,,
12-Mar-20,6.4,,,,,,,,,
13-Mar-20,0.6,,,,,,,,,
14-Mar-20,6.3,,,,,,,,,
15-Mar-20,1,,,,,,,,,
16-Mar-20,1.2,,,,,,,,,
17-Mar-20,10,,,,,,,,,
18-Mar-20,0.1,,,,,,,,,
19-Mar-20,0.2,,,,,,,,,
20-Mar-20,0,,,,,,,,,
21-Mar-20,0,,,,,,,,,
22-Mar-20,0,,,,,,,,,
23-Mar-20,0,,,,,,,,,
24-Mar-20,0,,,,,,,,,
25-Mar-20,0,,,,,,,,,
26-Mar-20,0,,,,,,,,,
27-Mar-20,0,,,,,,,,,
28-Mar-20,0,,,,,,,,,
29-Mar-20,0,,,,,,,,,
30-Mar-20,0,,,,,,,,,
31-Mar-20,0,,,,,,,,,
01-Apr-20,0,,,,,,,,,
02-Apr-20,3.1,,,,,,,,,
03-Apr-20,0.1,,,,,,,,,
04-Apr-20,0,,,,,,,,,
05-Apr-20,3.9,,,,,,,,,
06-Apr-20,0,,,,,,,,,
07-Apr-20,0,,,,,,,,,
08-Apr-20,0,,,,,,,,,
09-Apr-20,0,,,,,,,,,
10-Apr-20,0,,,,,,,,,
11-Apr-20,0,,,,,,,,,
12-Apr-20,11,,,,,,,,,
13-Apr-20,0,,,,,,,,,
14-Apr-20,0,,,,,,,,,
15-Apr-20,0,,,,,,,,,
16-Apr-20,0,,,,,,,,,
17-Apr-20,0,,,,,,,,,
18-Apr-20,0.9,,,,,,,,,
19-Apr-20,0,,,,,,,,,
20-Apr-20,0,,,,,,,,,
21-Apr-20,0,,,,,,,,,
22-Apr-20,0,,,,,,,,,
23-Apr-20,0,,,,,,,,,
24-Apr-20,0,,,,,,,,,
25-Apr-20,0,,,,,,,,,
26-Apr-20,2.9,,,,,,,,,
27-Apr-20,0,,,,,,,,,
28-Apr-20,0,,,,,,,,,
29-Apr-20,10.3,,,,,,,,,
30-Apr-20,9.7,,,,,,,,,
01-May-20,0.4,,,,,,,,,
02-May-20,0,,,,,,,,,
03-May-20,0,,,,,,,,,
04-May-20,0,,,,,,,,,
05-May-20,0,,,,,,,,,
06-May-20,0,,,,,,,,,
07-May-20,0.3,,,,,,,,,
08-May-20,0,,,,,,,,,
09-May-20,0,,,,,,,,,
10-May-20,0,,,,,,,,,
11-May-20,0,,,,,,,,,
12-May-20,0,,,,,,,,,
13-May-20,0,,,,,,,,,
14-May-20,0,,,,,,,,,
15-May-20,0,,,,,,,,,
16-May-20,0,,,,,,,,,
17-May-20,0.9,,,,,,,,,
18-May-20,0.3,,,,,,,,,
19-May-20,0.1,,,,,,,,,
20-May-20,0,,,,,,,,,
21-May-20,4.5,,,,,,,,,
22-May-20,1.8,,,,,,,,,
23-May-20,1.6,,,,,,,,,
24-May-20,0,,,,,,,,,
25-May-20,0,,,,,,,,,
26-May-20,0.2,,,,,,,,,
27-May-20,0,,,,,,,,,
28-May-20,0,,,,,,,,,
29-May-20,0,,,,,,,,,
30-May-20,0,,,,,,,,,
31-May-20,0,,,,,,,,,
01-Jun-20,0,,,,,,,,,
02-Jun-20,1,,,,,,,,,
03-Jun-20,0,,,,,,,,,
04-Jun-20,0.7,,,,,,,,,
05-Jun-20,5,,,,,,,,,
06-Jun-20,0.4,,,,,,,,,
07-Jun-20,0,,,,,,,,,
08-Jun-20,0,,,,,,,,,
09-Jun-20,0.2,,,,,,,,,
10-Jun-20,5.9,,,,,,,,,
11-Jun-20,1.4,,,,,,,,,
12-Jun-20,0.2,,,,,,,,,
13-Jun-20,0,,,,,,,,,
14-Jun-20,0,,,,,,,,,
15-Jun-20,2.3,,,,,,,,,
16-Jun-20,0.1,,,,,,,,,
17-Jun-20,0.2,,,,,,,,,
18-Jun-20,7.9,,,,,,,,,
19-Jun-20,10,,,,,,,,,
20-Jun-20,9,,,,,,,,,
21-Jun-20,1.6,,,,,,,,,
22-Jun-20,9.4,,,,,,,,,
23-Jun-20,11.9,,,,,,,,,
24-Jun-20,1.9,,,,,,,,,
25-Jun-20,0.3,,,,,,,,,
26-Jun-20,3.2,,,,,,,,,
27-Jun-20,13.6,,,,,,,,,
28-Jun-20,8.4,,,,,,,,,
29-Jun-20,2,,,,,,,,,
30-Jun-20,0,,,,,,,,,
01-Jul-20,10.9,,,,,,,,,
02-Jul-20,1.2,,,,,,,,,
03-Jul-20,3.5,,,,,,,,,
04-Jul-20,4.2,,,,,,,,,
05-Jul-20,4.4,,,,,,,,,
06-Jul-20,0.1,,,,,,,,,
07-Jul-20,17.6,,,,,,,,,
08-Jul-20,11.9,,,,,,,,,
09-Jul-20,0.7,,,,,,,,,
10-Jul-20,0.2,,,,,,,,,
11-Jul-20,0,,,,,,,,,
12-Jul-20,0.8,,,,,,,,,
13-Jul-20,1.4,,,,,,,,,
14-Jul-20,6,,,,,,,,,
15-Jul-20,0.2,,,,,,,,,
16-Jul-20,0.3,,,,,,,,,
17-Jul-20,6.3,,,,,,,,,
18-Jul-20,1.4,,,,,,,,,
19-Jul-20,0.1,,,,,,,,,
20-Jul-20,0,,,,,,,,,
21-Jul-20,0,,,,,,,,,
22-Jul-20,5.3,,,,,,,,,
23-Jul-20,2,,,,,,,,,
24-Jul-20,7.2,,,,,,,,,
25-Jul-20,7.8,,,,,,,,,
26-Jul-20,5,,,,,,,,,
27-Jul-20,14.6,,,,,,,,,
28-Jul-20,0.2,,,,,,,,,
29-Jul-20,1.6,,,,,,,,,
30-Jul-20,7.5,,,,,,,,,
31-Jul-20,3.9,,,,,,,,,
01-Aug-20,3.8,,,,,,,,,
02-Aug-20,0.7,,,,,,,,,
03-Aug-20,0.4,,,,,,,,,
04-Aug-20,4.1,,,,,,,,,
05-Aug-20,12.4,,,,,,,,,
06-Aug-20,0,,,,,,,,,
07-Aug-20,2,,,,,,,,,
08-Aug-20,0,,,,,,,,,
09-Aug-20,0,,,,,,,,,
10-Aug-20,0,,,,,,,,,
11-Aug-20,0.1,,,,,,,,,
12-Aug-20,0,,,,,,,,,
13-Aug-20,0,,,,,,,,,
14-Aug-20,0.1,,,,,,,,,
15-Aug-20,0,,,,,,,,,
16-Aug-20,0.2,,,,,,,,,
17-Aug-20,9.8,,,,,,,,,
18-Aug-20,24.6,,,,,,,,,
19-Aug-20,2.7,,,,,,,,,
20-Aug-20,11.6,,,,,,,,,
21-Aug-20,4.3,,,,,,,,,
22-Aug-20,2.9,,,,,,,,,
23-Aug-20,0.3,,,,,,,,,
24-Aug-20,4.8,,,,,,,,,
25-Aug-20,23.2,,,,,,,,,
26-Aug-20,0.2,,,,,,,,,
27-Aug-20,1.7,,,,,,,,,
28-Aug-20,4.1,,,,,,,,,
29-Aug-20,0,,,,,,,,,
30-Aug-20,0,,,,,,,,,
31-Aug-20,0,,,,,,,,,
01-Sep-20,0.3,,,,,,,,,
02-Sep-20,25.2,,,,,,,,,
03-Sep-20,0.8,,,,,,,,,
04-Sep-20,2.4,,,,,,,,,
05-Sep-20,2.3,,,,,,,,,
06-Sep-20,0.2,,,,,,,,,
07-Sep-20,6.7,,,,,,,,,
08-Sep-20,2.8,,,,,,,,,
09-Sep-20,0.4,,,,,,,,,
10-Sep-20,0,,,,,,,,,
11-Sep-20,1.8,,,,,,,,,
12-Sep-20,0,,,,,,,,,
13-Sep-20,0,,,,,,,,,
14-Sep-20,0.7,,,,,,,,,
15-Sep-20,0.2,,,,,,,,,
16-Sep-20,0,,,,,,,,,
17-Sep-20,0,,,,,,,,,
18-Sep-20,0,,,,,,,,,
19-Sep-20,0,,,,,,,,,
20-Sep-20,0,,,,,,,,,
21-Sep-20,0.1,,,,,,,,,
22-Sep-20,4.1,,,,,,,,,
23-Sep-20,0.2,,,,,,,,,
24-Sep-20,7.6,,,,,,,,,
25-Sep-20,2.1,,,,,,,,,
26-Sep-20,0.1,,,,,,,,,
27-Sep-20,0,,,,,,,,,
28-Sep-20,0.5,,,,,,,,,
29-Sep-20,2.6,,,,,,,,,
30-Sep-20,7.2,,,,,,,,,
01-Oct-20,4,,,,,,,,,
02-Oct-20,0,,,,,,,,,
03-Oct-20,0.7,,,,,,,,,
04-Oct-20,18.3,,,,,,,,,
05-Oct-20,3.2,,,,,,,,,
06-Oct-20,3.4,,,,,,,,,
07-Oct-20,12.5,,,,,,,,,
08-Oct-20,2.1,,,,,,,,,
09-Oct-20,3.2,,,,,,,,,
10-Oct-20,0.8,,,,,,,,,
11-Oct-20,0.2,,,,,,,,,
12-Oct-20,2.5,,,,,,,,,
13-Oct-20,0.1,,,,,,,,,
14-Oct-20,0.7,,,,,,,,,
15-Oct-20,0.1,,,,,,,,,
16-Oct-20,0.3,,,,,,,,,
17-Oct-20,0.1,,,,,,,,,
18-Oct-20,0.3,,,,,,,,,
19-Oct-20,18.4,,,,,,,,,
20-Oct-20,6.5,,,,,,,,,
21-Oct-20,1,,,,,,,,,
22-Oct-20,0.1,,,,,,,,,
23-Oct-20,4.7,,,,,,,,,
24-Oct-20,5.6,,,,,,,,,
25-Oct-20,4.4,,,,,,,,,
26-Oct-20,1.1,,,,,,,,,
27-Oct-20,6.4,,,,,,,,,
28-Oct-20,4.5,,,,,,,,,
29-Oct-20,19.4,,,,,,,,,
30-Oct-20,0.8,,,,,,,,,
31-Oct-20,6.4,,,,,,,,,
01-Nov-20,12.5,,,,,,,,,
02-Nov-20,3.6,,,,,,,,,
03-Nov-20,0.6,,,,,,,,,
04-Nov-20,0,,,,,,,,,
05-Nov-20,0.1,,,,,,,,,
06-Nov-20,0.1,,,,,,,,,
07-Nov-20,3.8,,,,,,,,,
08-Nov-20,9.4,,,,,,,,,
09-Nov-20,0.6,,,,,,,,,
10-Nov-20,0.7,,,,,,,,,
11-Nov-20,7.7,,,,,,,,,
12-Nov-20,7.2,,,,,,,,,
13-Nov-20,1.4,,,,,,,,,
14-Nov-20,6.6,,,,,,,,,
15-Nov-20,4.4,,,,,,,,,
16-Nov-20,5.4,,,,,,,,,
17-Nov-20,0,,,,,,,,,
18-Nov-20,7.7,,,,,,,,,
19-Nov-20,0.7,,,,,,,,,
20-Nov-20,5.3,,,,,,,,,
21-Nov-20,2.5,,,,,,,,,
22-Nov-20,0,,,,,,,,,
23-Nov-20,1,,,,,,,,,
24-Nov-20,5.4,,,,,,,,,
25-Nov-20,0.1,,,,,,,,,
26-Nov-20,0,,,,,,,,,
27-Nov-20,0,,,,,,,,,
28-Nov-20,0,,,,,,,,,
29-Nov-20,0.2,,,,,,,,,
30-Nov-20,0.7,,,,,,,,,
01-Dec-20,0.1,,,,,,,,,
02-Dec-20,0.8,,,,,,,,,
03-Dec-20,1.9,,,,,,,,,
04-Dec-20,5.2,,,,,,,,,
05-Dec-20,0.1,,,,,,,,,
06-Dec-20,0,,,,,,,,,
07-Dec-20,0.1,,,,,,,,,
08-Dec-20,0,,,,,,,,,
09-Dec-20,5.9,,,,,,,,,
10-Dec-20,5.8,,,,,,,,,
11-Dec-20,1,,,,,,,,,
12-Dec-20,0.1,,,,,,,,,
13-Dec-20,7.5,,,,,,,,,
14-Dec-20,0.5,,,,,,,,,
15-Dec-20,0.4,,,,,,,,,
16-Dec-20,8.2,,,,,,,,,
17-Dec-20,3.4,,,,,,,,,
18-Dec-20,2.6,,,,,,,,,
19-Dec-20,1,,,,,,,,,
20-Dec-20,1.4,,,,,,,,,
21-Dec-20,6.3,,,,,,,,,
22-Dec-20,1.2,,,,,,,,,
23-Dec-20,4.6,,,,,,,,,
24-Dec-20,0,,,,,,,,,
25-Dec-20,0.6,,,,,,,,,
26-Dec-20,16.6,,,,,,,,,
27-Dec-20,3,,,,,,,,,
28-Dec-20,4.1,,,,,,,,,
29-Dec-20,0.6,,,,,,,,,
30-Dec-20,0,,,,,,,,,
31-Dec-20,6.3,,,,,,,,,
01-Jan-21,0.1,,,,,,,,,
02-Jan-21,0.4,,,,,,,,,
03-Jan-21,0,,,,,,,,,
04-Jan-21,0.2,,,,,,,,,
05-Jan-21,0,,,,,,,,,
06-Jan-21,0,,,,,,,,,
07-Jan-21,1.3,,,,,,,,,
08-Jan-21,0,,,,,,,,,
09-Jan-21,0,,,,,,,,,
10-Jan-21,0.2,,,,,,,,,
11-Jan-21,8.7,,,,,,,,,
12-Jan-21,14.9,,,,,,,,,
13-Jan-21,8.2,,,,,,,,,
14-Jan-21,0.3,,,,,,,,,
15-Jan-21,10.1,,,,,,,,,
16-Jan-21,1.8,,,,,,,,,
17-Jan-21,0,,,,,,,,,
18-Jan-21,7.8,,,,,,,,,
19-Jan-21,28.5,,,,,,,,,
20-Jan-21,1.8,,,,,,,,,
21-Jan-21,0,,,,,,,,,
22-Jan-21,0,,,,,,,,,
23-Jan-21,1.8,,,,,,,,,
24-Jan-21,1.2,,,,,,,,,
25-Jan-21,0,,,,,,,,,
26-Jan-21,3.8,,,,,,,,,
27-Jan-21,9.4,,,,,,,,,
28-Jan-21,6,,,,,,,,,
29-Jan-21,5.1,,,,,,,,,
30-Jan-21,9.7,,,,,,,,,
31-Jan-21,5.6,,,,,,,,,
01-Feb-21,5.4,,,,,,,,,
02-Feb-21,14.4,,,,,,,,,
03-Feb-21,5.6,,,,,,,,,
04-Feb-21,7.7,,,,,,,,,
05-Feb-21,0.8,,,,,,,,,
06-Feb-21,0.4,,,,,,,,,
07-Feb-21,1.3,,,,,,,,,
08-Feb-21,0.3,,,,,,,,,
09-Feb-21,0.6,,,,,,,,,
10-Feb-21,0,,,,,,,,,
11-Feb-21,0,,,,,,,,,
12-Feb-21,0.2,,,,,,,,,
13-Feb-21,4.2,,,,,,,,,
14-Feb-21,2,,,,,,,,,
15-Feb-21,1.8,,,,,,,,,
16-Feb-21,0.2,,,,,,,,,
17-Feb-21,5.5,,,,,,,,,
18-Feb-21,5.8,,,,,,,,,
19-Feb-21,8.4,,,,,,,,,
20-Feb-21,1.9,,,,,,,,,
21-Feb-21,0.2,,,,,,,,,
22-Feb-21,0,,,,,,,,,
23-Feb-21,11.3,,,,,,,,,
24-Feb-21,1.9,,,,,,,,,
25-Feb-21,0.2,,,,,,,,,
26-Feb-21,0,,,,,,,,,
27-Feb-21,0.2,,,,,,,,,
28-Feb-21,0,,,,,,,,,
01-Mar-21,0,,,,,,,,,
02-Mar-21,0.1,,,,,,,,,
03-Mar-21,0.1,,,,,,,,,
04-Mar-21,0,,,,,,,,,
05-Mar-21,0,,,,,,,,,
06-Mar-21,0,,,,,,,,,
07-Mar-21,0,,,,,,,,,
08-Mar-21,1.6,,,,,,,,,
09-Mar-21,6,,,,,,,,,
10-Mar-21,11.8,,,,,,,,,
11-Mar-21,9.3,,,,,,,,,
12-Mar-21,7.2,,,,,,,,,
13-Mar-21,7.9,,,,,,,,,
14-Mar-21,3.6,,,,,,,,,
15-Mar-21,0.3,,,,,,,,,
16-Mar-21,0.5,,,,,,,,,
17-Mar-21,0.1,,,,,,,,,
18-Mar-21,0.2,,,,,,,,,
19-Mar-21,0,,,,,,,,,
20-Mar-21,0,,,,,,,,,
21-Mar-21,0,,,,,,,,,
22-Mar-21,0,,,,,,,,,
23-Mar-21,0.8,,,,,,,,,
24-Mar-21,3.1,,,,,,,,,
25-Mar-21,0.4,,,,,,,,,
26-Mar-21,4.3,,,,,,,,,
27-Mar-21,2.6,,,,,,,,,
28-Mar-21,20.2,,,,,,,,,
29-Mar-21,0.8,,,,,,,,,
30-Mar-21,0,,,,,,,,,
31-Mar-21,0,,,,,,,,,
01-Apr-21,0,,,,,,,,,
02-Apr-21,0,,,,,,,,,
03-Apr-21,0,,,,,,,,,
04-Apr-21,0.2,,,,,,,,,
05-Apr-21,0.4,,,,,,,,,
06-Apr-21,1.9,,,,,,,,,
07-Apr-21,1.9,,,,,,,,,
08-Apr-21,2.5,,,,,,,,,
09-Apr-21,1.1,,,,,,,,,
10-Apr-21,0.1,,,,,,,,,
11-Apr-21,3.2,,,,,,,,,
12-Apr-21,2,,,,,,,,,
13-Apr-21,0,,,,,,,,,
14-Apr-21,0,,,,,,,,,
15-Apr-21,0.1,,,,,,,,,
16-Apr-21,0,,,,,,,,,
17-Apr-21,0.8,,,,,,,,,
18-Apr-21,1.6,,,,,,,,,
19-Apr-21,2,,,,,,,,,
20-Apr-21,0.2,,,,,,,,,
21-Apr-21,0,,,,,,,,,
22-Apr-21,0,,,,,,,,,
23-Apr-21,0,,,,,,,,,
24-Apr-21,0,,,,,,,,,
25-Apr-21,0,,,,,,,,,
26-Apr-21,0,,,,,,,,,
27-Apr-21,2.2,,,,,,,,,
28-Apr-21,0,,,,,,,,,
29-Apr-21,5.2,,,,,,,,,
30-Apr-21,0.1,,,,,,,,,
01-May-21,0,,,,,,,,,
02-May-21,0,,,,,,,,,
03-May-21,16.4,,,,,,,,,
04-May-21,4.6,,,,,,,,,
05-May-21,1.9,,,,,,,,,
06-May-21,0,,,,,,,,,
07-May-21,0.1,,,,,,,,,
08-May-21,15.4,,,,,,,,,
09-May-21,0.9,,,,,,,,,
10-May-21,10.8,,,,,,,,,
11-May-21,0,,,,,,,,,
12-May-21,0,,,,,,,,,
13-May-21,0,,,,,,,,,
14-May-21,0.4,,,,,,,,,
15-May-21,10.3,,,,,,,,,
16-May-21,1.1,,,,,,,,,
17-May-21,1.5,,,,,,,,,
18-May-21,3.2,,,,,,,,,
19-May-21,0,,,,,,,,,
20-May-21,20,,,,,,,,,
21-May-21,3.1,,,,,,,,,
22-May-21,1.9,,,,,,,,,
23-May-21,4.7,,,,,,,,,
24-May-21,0.2,,,,,,,,,
25-May-21,1.9,,,,,,,,,
26-May-21,0,,,,,,,,,
27-May-21,6.2,,,,,,,,,
28-May-21,2,,,,,,,,,
29-May-21,0.8,,,,,,,,,
30-May-21,0,,,,,,,,,
31-May-21,0,,,,,,,,,
01-Jun-21,0,,,,,,,,,
02-Jun-21,2.3,,,,,,,,,
03-Jun-21,1.6,,,,,,,,,
04-Jun-21,0.2,,,,,,,,,
05-Jun-21,0.6,,,,,,,,,
06-Jun-21,0,,,,,,,,,
07-Jun-21,0,,,,,,,,,
08-Jun-21,0,,,,,,,,,
09-Jun-21,0.1,,,,,,,,,
10-Jun-21,0.4,,,,,,,,,
11-Jun-21,0.3,,,,,,,,,
12-Jun-21,0,,,,,,,,,
13-Jun-21,0.4,,,,,,,,,
14-Jun-21,0.6,,,,,,,,,
15-Jun-21,2,,,,,,,,,
16-Jun-21,1.2,,,,,,,,,
17-Jun-21,0,,,,,,,,,
18-Jun-21,0,,,,,,,,,
19-Jun-21,0,,,,,,,,,
20-Jun-21,0,,,,,,,,,
21-Jun-21,0,,,,,,,,,
22-Jun-21,1.4,,,,,,,,,
23-Jun-21,1.8,,,,,,,,,
24-Jun-21,4.5,,,,,,,,,
25-Jun-21,0,,,,,,,,,
26-Jun-21,0,,,,,,,,,
27-Jun-21,0,,,,,,,,,
28-Jun-21,0,,,,,,,,,
29-Jun-21,0,,,,,,,,,
30-Jun-21,0,,,,,,,,,
01-Jul-21,0.1,,,,,,,,,
02-Jul-21,0,,,,,,,,,
03-Jul-21,14,,,,,,,,,
04-Jul-21,19.8,,,,,,,,,
05-Jul-21,4.1,,,,,,,,,
06-Jul-21,4.3,,,,,,,,,
07-Jul-21,0.1,,,,,,,,,
08-Jul-21,0,,,,,,,,,
09-Jul-21,0,,,,,,,,,
10-Jul-21,0,,,,,,,,,
11-Jul-21,4,,,,,,,,,
12-Jul-21,0,,,,,,,,,
13-Jul-21,0.1,,,,,,,,,
14-Jul-21,0.1,,,,,,,,,
15-Jul-21,0,,,,,,,,,
16-Jul-21,0,,,,,,,,,
17-Jul-21,0,,,,,,,,,
18-Jul-21,0,,,,,,,,,
19-Jul-21,0,,,,,,,,,
20-Jul-21,0,,,,,,,,,
21-Jul-21,0,,,,,,,,,
22-Jul-21,0,,,,,,,,,
23-Jul-21,0,,,,,,,,,
24-Jul-21,0,,,,,,,,,
25-Jul-21,0,,,,,,,,,
26-Jul-21,0.9,,,,,,,,,
27-Jul-21,10.2,,,,,,,,,
28-Jul-21,12.7,,,,,,,,,
29-Jul-21,0,,,,,,,,,
30-Jul-21,1.9,,,,,,,,,
31-Jul-21,2.6,,,,,,,,,
01-Aug-21,0,,,,,,,,,
02-Aug-21,3.9,,,,,,,,,
03-Aug-21,0,,,,,,,,,
04-Aug-21,7,,,,,,,,,
05-Aug-21,71.1,,,,,,,,,
06-Aug-21,9.4,,,,,,,,,
07-Aug-21,21.4,,,,,,,,,
08-Aug-21,1.8,,,,,,,,,
09-Aug-21,3,,,,,,,,,
10-Aug-21,0,,,,,,,,,
11-Aug-21,7.9,,,,,,,,,
12-Aug-21,0.3,,,,,,,,,
13-Aug-21,0.9,,,,,,,,,
14-Aug-21,2,,,,,,,,,
15-Aug-21,0.4,,,,,,,,,
16-Aug-21,0.9,,,,,,,,,
17-Aug-21,0.6,,,,,,,,,
18-Aug-21,0,,,,,,,,,
19-Aug-21,0.5,,,,,,,,,
20-Aug-21,4.4,,,,,,,,,
21-Aug-21,6,,,,,,,,,
22-Aug-21,0,,,,,,,,,
23-Aug-21,0.1,,,,,,,,,
24-Aug-21,0.1,,,,,,,,,
25-Aug-21,0.1,,,,,,,,,
26-Aug-21,0,,,,,,,,,
27-Aug-21,0.1,,,,,,,,,
28-Aug-21,0.1,,,,,,,,,
29-Aug-21,0.1,,,,,,,,,
30-Aug-21,0,,,,,,,,,
31-Aug-21,0,,,,,,,,,
01-Sep-21,0,,,,,,,,,
02-Sep-21,0,,,,,,,,,
03-Sep-21,0,,,,,,,,,
04-Sep-21,0,,,,,,,,,
05-Sep-21,0.2,,,,,,,,,
06-Sep-21,0,,,,,,,,,
07-Sep-21,0.1,,,,,,,,,
08-Sep-21,4.2,,,,,,,,,
09-Sep-21,6.2,,,,,,,,,
10-Sep-21,0.2,,,,,,,,,
11-Sep-21,0.6,,,,,,,,,
12-Sep-21,0,,,,,,,,,
13-Sep-21,5.2,,,,,,,,,
14-Sep-21,0.8,,,,,,,,,
15-Sep-21,0.4,,,,,,,,,
16-Sep-21,0.1,,,,,,,,,
17-Sep-21,5,,,,,,,,,
18-Sep-21,2.6,,,,,,,,,
19-Sep-21,1.1,,,,,,,,,
20-Sep-21,0.1,,,,,,,,,
21-Sep-21,0.1,,,,,,,,,
22-Sep-21,0.2,,,,,,,,,
23-Sep-21,0.4,,,,,,,,,
24-Sep-21,0.4,,,,,,,,,
25-Sep-21,0.2,,,,,,,,,
26-Sep-21,8.1,,,,,,,,,
27-Sep-21,4.6,,,,,,,,,
28-Sep-21,4.2,,,,,,,,,
29-Sep-21,7.2,,,,,,,,,
30-Sep-21,5.9,,,,,,,,,
01-Oct-21,3.8,,,,,,,,,
02-Oct-21,1.8,,,,,,,,,
03-Oct-21,6.3,,,,,,,,,
04-Oct-21,7,,,,,,,,,
05-Oct-21,3.2,,,,,,,,,
06-Oct-21,2.5,,,,,,,,,
07-Oct-21,0.3,,,,,,,,,
08-Oct-21,3.1,,,,,,,,,
09-Oct-21,3.7,,,,,,,,,
10-Oct-21,0.2,,,,,,,,,
11-Oct-21,0.2,,,,,,,,,
12-Oct-21,0,,,,,,,,,
13-Oct-21,0,,,,,,,,,
14-Oct-21,0.3,,,,,,,,,
15-Oct-21,0.1,,,,,,,,,
16-Oct-21,6.1,,,,,,,,,
17-Oct-21,1,,,,,,,,,
18-Oct-21,2.4,,,,,,,,,
19-Oct-21,1.3,,,,,,,,,
20-Oct-21,0.3,,,,,,,,,
21-Oct-21,0,,,,,,,,,
22-Oct-21,0,,,,,,,,,
23-Oct-21,6,,,,,,,,,
24-Oct-21,5.2,,,,,,,,,
25-Oct-21,1.8,,,,,,,,,
26-Oct-21,3.8,,,,,,,,,
27-Oct-21,15.5,,,,,,,,,
28-Oct-21,6.4,,,,,,,,,
29-Oct-21,2.2,,,,,,,,,
30-Oct-21,0.5,,,,,,,,,
31-Oct-21,12.7,,,,,,,,,
01-Nov-21,0.8,,,,,,,,,
02-Nov-21,0.2,,,,,,,,,
03-Nov-21,0.3,,,,,,,,,
04-Nov-21,0.1,,,,,,,,,
05-Nov-21,0.2,,,,,,,,,
06-Nov-21,1.8,,,,,,,,,
07-Nov-21,0,,,,,,,,,
08-Nov-21,5.7,,,,,,,,,
09-Nov-21,1.9,,,,,,,,,
10-Nov-21,0,,,,,,,,,
11-Nov-21,4,,,,,,,,,
12-Nov-21,5,,,,,,,,,
13-Nov-21,0.3,,,,,,,,,
14-Nov-21,1,,,,,,,,,
15-Nov-21,1.7,,,,,,,,,
16-Nov-21,0.2,,,,,,,,,
17-Nov-21,0.1,,,,,,,,,
18-Nov-21,0.8,,,,,,,,,
19-Nov-21,1,,,,,,,,,
20-Nov-21,1,,,,,,,,,
21-Nov-21,0.1,,,,,,,,,
22-Nov-21,0,,,,,,,,,
23-Nov-21,0,,,,,,,,,
24-Nov-21,1.7,,,,,,,,,
25-Nov-21,0,,,,,,,,,
26-Nov-21,3.2,,,,,,,,,
27-Nov-21,0,,,,,,,,,
28-Nov-21,1.1,,,,,,,,,
29-Nov-21,1.4,,,,,,,,,
30-Nov-21,8,,,,,,,,,
01-Dec-21,2.8,,,,,,,,,
02-Dec-21,8.8,,,,,,,,,
03-Dec-21,2.5,,,,,,,,,
04-Dec-21,0.9,,,,,,,,,
05-Dec-21,0,,,,,,,,,
06-Dec-21,3.8,,,,,,,,,
07-Dec-21,17,,,,,,,,,
08-Dec-21,15,,,,,,,,,
09-Dec-21,1.5,,,,,,,,,
10-Dec-21,0,,,,,,,,,
11-Dec-21,2.9,,,,,,,,,
12-Dec-21,1,,,,,,,,,
13-Dec-21,0,,,,,,,,,
14-Dec-21,0,,,,,,,,,
15-Dec-21,0.1,,,,,,,,,
16-Dec-21,0.1,,,,,,,,,
17-Dec-21,0,,,,,,,,,
18-Dec-21,0,,,,,,,,,
19-Dec-21,0,,,,,,,,,
20-Dec-21,0,,,,,,,,,
21-Dec-21,0,,,,,,,,,
22-Dec-21,9.1,,,,,,,,,
23-Dec-21,0.4,,,,,,,,,
24-Dec-21,5.2,,,,,,,,,
25-Dec-21,25.5,,,,,,,,,
26-Dec-21,1.5,,,,,,,,,
27-Dec-21,0.1,,,,,,,,,
28-Dec-21,10.2,,,,,,,,,
29-Dec-21,5,,,,,,,,,
30-Dec-21,13.2,,,,,,,,,
31-Dec-21,1.4,,,,,,,,,
01-Jan-22,0.7,,,,,,,,,
02-Jan-22,6.3,,,,,,,,,
03-Jan-22,7.6,,,,,,,,,
04-Jan-22,0,,,,,,,,,
05-Jan-22,0,,,,,,,,,
06-Jan-22,6.3,,,,,,,,,
07-Jan-22,8.4,,,,,,,,,
08-Jan-22,4.6,,,,,,,,,
09-Jan-22,0.7,,,,,,,,,
10-Jan-22,3,,,,,,,,,
11-Jan-22,0,,,,,,,,,
12-Jan-22,0.1,,,,,,,,,
13-Jan-22,0,,,,,,,,,
14-Jan-22,0,,,,,,,,,
15-Jan-22,0,,,,,,,,,
16-Jan-22,0.2,,,,,,,,,
17-Jan-22,0,,,,,,,,,
18-Jan-22,1.4,,,,,,,,,
19-Jan-22,1.1,,,,,,,,,
20-Jan-22,0.1,,,,,,,,,
21-Jan-22,0,,,,,,,,,
22-Jan-22,0.3,,,,,,,,,
23-Jan-22,0,,,,,,,,,
24-Jan-22,0.1,,,,,,,,,
25-Jan-22,0,,,,,,,,,
26-Jan-22,1.7,,,,,,,,,
27-Jan-22,0.4,,,,,,,,,
28-Jan-22,0.5,,,,,,,,,
29-Jan-22,0.6,,,,,,,,,
30-Jan-22,3.1,,,,,,,,,
31-Jan-22,0.4,,,,,,,,,
01-Feb-22,2,,,,,,,,,
02-Feb-22,0.1,,,,,,,,,
03-Feb-22,7.4,,,,,,,,,
04-Feb-22,1.6,,,,,,,,,
05-Feb-22,13,,,,,,,,,
06-Feb-22,4.1,,,,,,,,,
07-Feb-22,2.2,,,,,,,,,
08-Feb-22,7.7,,,,,,,,,
09-Feb-22,0,,,,,,,,,
10-Feb-22,1,,,,,,,,,
11-Feb-22,1.7,,,,,,,,,
12-Feb-22,3.7,,,,,,,,,
13-Feb-22,10.7,,,,,,,,,
14-Feb-22,0.6,,,,,,,,,
15-Feb-22,10.1,,,,,,,,,
16-Feb-22,5.7,,,,,,,,,
17-Feb-22,8.2,,,,,,,,,
18-Feb-22,7.3,,,,,,,,,
19-Feb-22,10.9,,,,,,,,,
20-Feb-22,17.8,,,,,,,,,
21-Feb-22,0.6,,,,,,,,,
22-Feb-22,7.2,,,,,,,,,
23-Feb-22,2.8,,,,,,,,,
24-Feb-22,1.8,,,,,,,,,
25-Feb-22,0,,,,,,,,,
26-Feb-22,0,,,,,,,,,
27-Feb-22,2.8,,,,,,,,,
28-Feb-22,0.8,,,,,,,,,
01-Mar-22,0,,,,,,,,,
02-Mar-22,1.5,,,,,,,,,
03-Mar-22,0,,,,,,,,,
04-Mar-22,0,,,,,,,,,
05-Mar-22,0,,,,,,,,,
06-Mar-22,0,,,,,,,,,
07-Mar-22,0,,,,,,,,,
08-Mar-22,4.8,,,,,,,,,
09-Mar-22,12,,,,,,,,,
10-Mar-22,0,,,,,,,,,
11-Mar-22,9.2,,,,,,,,,
12-Mar-22,8.2,,,,,,,,,
13-Mar-22,3.6,,,,,,,,,
14-Mar-22,4.1,,,,,,,,,
15-Mar-22,1.1,,,,,,,,,
16-Mar-22,0.1,,,,,,,,,
17-Mar-22,1.4,,,,,,,,,
18-Mar-22,0,,,,,,,,,
19-Mar-22,0,,,,,,,,,
20-Mar-22,0,,,,,,,,,
21-Mar-22,0,,,,,,,,,
22-Mar-22,0,,,,,,,,,
23-Mar-22,0,,,,,,,,,
24-Mar-22,0,,,,,,,,,
25-Mar-22,0,,,,,,,,,
26-Mar-22,0,,,,,,,,,
27-Mar-22,0,,,,,,,,,
28-Mar-22,0,,,,,,,,,
29-Mar-22,0.1,,,,,,,,,
30-Mar-22,0,,,,,,,,,
31-Mar-22,0.1,,,,,,,,,
01-Apr-22,0.2,,,,,,,,,
02-Apr-22,2.2,,,,,,,,,
03-Apr-22,0.7,,,,,,,,,
04-Apr-22,2,,,,,,,,,
05-Apr-22,1.6,,,,,,,,,
06-Apr-22,2.4,,,,,,,,,
07-Apr-22,2,,,,,,,,,
08-Apr-22,1,,,,,,,,,
09-Apr-22,0,,,,,,,,,
10-Apr-22,0,,,,,,,,,
11-Apr-22,0.9,,,,,,,,,
12-Apr-22,3.7,,,,,,,,,
13-Apr-22,0.2,,,,,,,,,
14-Apr-22,0,,,,,,,,,
15-Apr-22,1,,,,,,,,,
16-Apr-22,1.3,,,,,,,,,
17-Apr-22,19.9,,,,,,,,,
18-Apr-22,0.6,,,,,,,,,
19-Apr-22,0.1,,,,,,,,,
20-Apr-22,0,,,,,,,,,
21-Apr-22,0,,,,,,,,,
22-Apr-22,0,,,,,,,,,
23-Apr-22,0,,,,,,,,,
24-Apr-22,0,,,,,,,,,
25-Apr-22,0,,,,,,,,,
26-Apr-22,0,,,,,,,,,
27-Apr-22,0.1,,,,,,,,,
28-Apr-22,0,,,,,,,,,
29-Apr-22,0,,,,,,,,,
30-Apr-22,8.8,,,,,,,,,
01-May-22,2.6,,,,,,,,,
02-May-22,0.1,,,,,,,,,
03-May-22,0,,,,,,,,,
04-May-22,0.4,,,,,,,,,
05-May-22,0.1,,,,,,,,,
06-May-22,6.9,,,,,,,,,
07-May-22,0.1,,,,,,,,,
08-May-22,0,,,,,,,,,
09-May-22,4.4,,,,,,,,,
10-May-22,2.9,,,,,,,,,
11-May-22,1.2,,,,,,,,,
12-May-22,1.1,,,,,,,,,
13-May-22,0.1,,,,,,,,,
14-May-22,0,,,,,,,,,
15-May-22,0,,,,,,,,,
16-May-22,3.7,,,,,,,,,
17-May-22,9.2,,,,,,,,,
18-May-22,1.6,,,,,,,,,
19-May-22,0,,,,,,,,,
20-May-22,5.5,,,,,,,,,
21-May-22,0.2,,,,,,,,,
22-May-22,1.1,,,,,,,,,
23-May-22,1.2,,,,,,,,,
24-May-22,0.3,,,,,,,,,
25-May-22,1.8,,,,,,,,,
26-May-22,3.3,,,,,,,,,
27-May-22,0,,,,,,,,,
28-May-22,0,,,,,,,,,
29-May-22,0,,,,,,,,,
30-May-22,4.6,,,,,,,,,
31-May-22,1,,,,,,,,,
01-Jun-22,0.1,,,,,,,,,
02-Jun-22,7,,,,,,,,,
03-Jun-22,0.1,,,,,,,,,
04-Jun-22,0,,,,,,,,,
05-Jun-22,0.4,,,,,,,,,
06-Jun-22,0,,,,,,,,,
07-Jun-22,0.7,,,,,,,,,
08-Jun-22,1.7,,,,,,,,,
09-Jun-22,4.4,,,,,,,,,
10-Jun-22,13.4,,,,,,,,,
11-Jun-22,2.7,,,,,,,,,
12-Jun-22,0.2,,,,,,,,,
13-Jun-22,0,,,,,,,,,
14-Jun-22,0,,,,,,,,,
15-Jun-22,0,,,,,,,,,
16-Jun-22,0,,,,,,,,,
17-Jun-22,3,,,,,,,,,
18-Jun-22,0,,,,,,,,,
19-Jun-22,0,,,,,,,,,
20-Jun-22,0,,,,,,,,,
21-Jun-22,0.2,,,,,,,,,
22-Jun-22,0,,,,,,,,,
23-Jun-22,0,,,,,,,,,
24-Jun-22,14,,,,,,,,,
25-Jun-22,7.3,,,,,,,,,
26-Jun-22,22.1,,,,,,,,,
27-Jun-22,4.2,,,,,,,,,
28-Jun-22,18.6,,,,,,,,,
29-Jun-22,0.4,,,,,,,,,
30-Jun-22,0.1,,,,,,,,,
01-Jul-22,6,,,,,,,,,
02-Jul-22,0.6,,,,,,,,,
03-Jul-22,0,,,,,,,,,
04-Jul-22,0.8,,,,,,,,,
05-Jul-22,0.1,,,,,,,,,
06-Jul-22,0.4,,,,,,,,,
07-Jul-22,0.2,,,,,,,,,
08-Jul-22,0.1,,,,,,,,,
09-Jul-22,0,,,,,,,,,
10-Jul-22,0,,,,,,,,,
11-Jul-22,0,,,,,,,,,
12-Jul-22,0.6,,,,,,,,,
13-Jul-22,0,,,,,,,,,
14-Jul-22,0,,,,,,,,,
15-Jul-22,0,,,,,,,,,
16-Jul-22,0.3,,,,,,,,,
17-Jul-22,0,,,,,,,,,
18-Jul-22,0,,,,,,,,,
19-Jul-22,0,,,,,,,,,
20-Jul-22,0,,,,,,,,,
21-Jul-22,0,,,,,,,,,
22-Jul-22,0,,,,,,,,,
23-Jul-22,5.8,,,,,,,,,
24-Jul-22,1.5,,,,,,,,,
25-Jul-22,0.6,,,,,,,,,
26-Jul-22,0,,,,,,,,,
27-Jul-22,0,,,,,,,,,
28-Jul-22,0,,,,,,,,,
29-Jul-22,0.5,,,,,,,,,
30-Jul-22,10.7,,,,,,,,,
31-Jul-22,3.4,,,,,,,,,
01-Aug-22,9.2,,,,,,,,,
02-Aug-22,2.2,,,,,,,,,
03-Aug-22,2.7,,,,,,,,,
04-Aug-22,0.1,,,,,,,,,
05-Aug-22,0.1,,,,,,,,,
06-Aug-22,0,,,,,,,,,
07-Aug-22,0.1,,,,,,,,,
08-Aug-22,0,,,,,,,,,
09-Aug-22,0,,,,,,,,,
10-Aug-22,0.1,,,,,,,,,
11-Aug-22,0,,,,,,,,,
12-Aug-22,0,,,,,,,,,
13-Aug-22,0,,,,,,,,,
14-Aug-22,5,,,,,,,,,
15-Aug-22,0.8,,,,,,,,,
16-Aug-22,0,,,,,,,,,
17-Aug-22,0,,,,,,,,,
18-Aug-22,3,,,,,,,,,
19-Aug-22,1.4,,,,,,,,,
20-Aug-22,5.7,,,,,,,,,
21-Aug-22,0,,,,,,,,,
22-Aug-22,2.5,,,,,,,,,
23-Aug-22,0.3,,,,,,,,,
24-Aug-22,0.7,,,,,,,,,
25-Aug-22,0.1,,,,,,,,,
26-Aug-22,0.9,,,,,,,,,
27-Aug-22,0,,,,,,,,,
28-Aug-22,0.2,,,,,,,,,
29-Aug-22,0,,,,,,,,,
30-Aug-22,0.1,,,,,,,,,
31-Aug-22,0,,,,,,,,,
01-Sep-22,0.1,,,,,,,,,
02-Sep-22,1.5,,,,,,,,,
03-Sep-22,12.1,,,,,,,,,
04-Sep-22,15.4,,,,,,,,,
05-Sep-22,4.4,,,,,,,,,
06-Sep-22,5.3,,,,,,,,,
07-Sep-22,3.6,,,,,,,,,
08-Sep-22,0.1,,,,,,,,,
09-Sep-22,8.3,,,,,,,,,
10-Sep-22,0.1,,,,,,,,,
11-Sep-22,13.8,,,,,,,,,
12-Sep-22,1.8,,,,,,,,,
13-Sep-22,0.1,,,,,,,,,
14-Sep-22,0.1,,,,,,,,,
15-Sep-22,0,,,,,,,,,
16-Sep-22,0,,,,,,,,,
17-Sep-22,0.1,,,,,,,,,
18-Sep-22,0,,,,,,,,,
19-Sep-22,0,,,,,,,,,
20-Sep-22,0,,,,,,,,,
21-Sep-22,0.5,,,,,,,,,
22-Sep-22,14.8,,,,,,,,,
23-Sep-22,0.1,,,,,,,,,
24-Sep-22,0.1,,,,,,,,,
25-Sep-22,0.8,,,,,,,,,
26-Sep-22,0.1,,,,,,,,,
27-Sep-22,2.8,,,,,,,,,
28-Sep-22,0.9,,,,,,,,,
29-Sep-22,0.1,,,,,,,,,
30-Sep-22,17.1,,,,,,,,,
01-Oct-22,1.3,,,,,,,,,
02-Oct-22,0,,,,,,,,,
03-Oct-22,0,,,,,,,,,
04-Oct-22,9.7,,,,,,,,,
05-Oct-22,8.2,,,,,,,,,
06-Oct-22,2.6,,,,,,,,,
07-Oct-22,8.7,,,,,,,,,
08-Oct-22,0.2,,,,,,,,,
09-Oct-22,11.2,,,,,,,,,
10-Oct-22,0.2,,,,,,,,,
11-Oct-22,0,,,,,,,,,
12-Oct-22,2.4,,,,,,,,,
13-Oct-22,0.2,,,,,,,,,
14-Oct-22,0.2,,,,,,,,,
15-Oct-22,23.3,,,,,,,,,
16-Oct-22,20.8,,,,,,,,,
17-Oct-22,0,,,,,,,,,
18-Oct-22,0,,,,,,,,,
19-Oct-22,18.2,,,,,,,,,
20-Oct-22,0.2,,,,,,,,,
21-Oct-22,12.3,,,,,,,,,
22-Oct-22,1.9,,,,,,,,,
23-Oct-22,12.5,,,,,,,,,
24-Oct-22,1.4,,,,,,,,,
25-Oct-22,4.2,,,,,,,,,
26-Oct-22,3.7,,,,,,,,,
27-Oct-22,1.1,,,,,,,,,
28-Oct-22,39.3,,,,,,,,,
29-Oct-22,6.6,,,,,,,,,
30-Oct-22,0.3,,,,,,,,,
31-Oct-22,18.1,,,,,,,,,
01-Nov-22,0.7,,,,,,,,,
02-Nov-22,16.4,,,,,,,,,
03-Nov-22,0.3,,,,,,,,,
04-Nov-22,0.3,,,,,,,,,
05-Nov-22,3.2,,,,,,,,,
06-Nov-22,5.4,,,,,,,,,
07-Nov-22,9.3,,,,,,,,,
08-Nov-22,2,,,,,,,,,
09-Nov-22,2,,,,,,,,,
10-Nov-22,1.5,,,,,,,,,
11-Nov-22,3.7,,,,,,,,,
12-Nov-22,2.2,,,,,,,,,
13-Nov-22,11.8,,,,,,,,,
14-Nov-22,2.1,,,,,,,,,
15-Nov-22,0.9,,,,,,,,,
16-Nov-22,0.1,,,,,,,,,
17-Nov-22,0,,,,,,,,,
18-Nov-22,0.1,,,,,,,,,
19-Nov-22,4.1,,,,,,,,,
20-Nov-22,1.1,,,,,,,,,
21-Nov-22,18.4,,,,,,,,,
22-Nov-22,0.3,,,,,,,,,
23-Nov-22,14.8,,,,,,,,,
24-Nov-22,3.5,,,,,,,,,
25-Nov-22,0.2,,,,,,,,,
26-Nov-22,4.1,,,,,,,,,
27-Nov-22,0.4,,,,,,,,,
28-Nov-22,0.3,,,,,,,,,
29-Nov-22,0,,,,,,,,,
30-Nov-22,0.1,,,,,,,,,
01-Dec-22,0,,,,,,,,,
02-Dec-22,0,,,,,,,,,
03-Dec-22,0,,,,,,,,,
04-Dec-22,10.9,,,,,,,,,
05-Dec-22,2.5,,,,,,,,,
06-Dec-22,0.2,,,,,,,,,
07-Dec-22,0,,,,,,,,,
08-Dec-22,0.2,,,,,,,,,
09-Dec-22,0,,,,,,,,,
10-Dec-22,0,,,,,,,,,
11-Dec-22,0,,,,,,,,,
12-Dec-22,0,,,,,,,,,
13-Dec-22,0,,,,,,,,,
14-Dec-22,0,,,,,,,,,
15-Dec-22,0,,,,,,,,,
16-Dec-22,0.2,,,,,,,,,
17-Dec-22,0,,,,,,,,,
18-Dec-22,0.2,,,,,,,,,
19-Dec-22,5.3,,,,,,,,,
20-Dec-22,0.2,,,,,,,,,
21-Dec-22,0.1,,,,,,,,,
22-Dec-22,2.7,,,,,,,,,
23-Dec-22,12.4,,,,,,,,,
24-Dec-22,4.9,,,,,,,,,
25-Dec-22,5,,,,,,,,,
26-Dec-22,0,,,,,,,,,
27-Dec-22,1.1,,,,,,,,,
28-Dec-22,7,,,,,,,,,
29-Dec-22,11.8,,,,,,,,,
30-Dec-22,14.4,,,,,,,,,
31-Dec-22,5.4,,,,,,,,,
01-Jan-23,2.2,,,,,,,,,
02-Jan-23,0,,,,,,,,,
03-Jan-23,8.3,,,,,,,,,
04-Jan-23,0.4,,,,,,,,,
05-Jan-23,2.1,,,,,,,,,
06-Jan-23,3.7,,,,,,,,,
07-Jan-23,2.8,,,,,,,,,
08-Jan-23,1.2,,,,,,,,,
09-Jan-23,0.9,,,,,,,,,
10-Jan-23,22.8,,,,,,,,,
11-Jan-23,10.1,,,,,,,,,
12-Jan-23,7.8,,,,,,,,,
13-Jan-23,7.6,,,,,,,,,
14-Jan-23,3.3,,,,,,,,,
15-Jan-23,0.6,,,,,,,,,
16-Jan-23,0,,,,,,,,,
17-Jan-23,1,,,,,,,,,
18-Jan-23,1.4,,,,,,,,,
19-Jan-23,0,,,,,,,,,
20-Jan-23,0,,,,,,,,,
21-Jan-23,0,,,,,,,,,
22-Jan-23,0.9,,,,,,,,,
23-Jan-23,1.1,,,,,,,,,
24-Jan-23,0.2,,,,,,,,,
25-Jan-23,0.8,,,,,,,,,
26-Jan-23,0,,,,,,,,,
27-Jan-23,0,,,,,,,,,
28-Jan-23,0.4,,,,,,,,,
29-Jan-23,0.4,,,,,,,,,
30-Jan-23,0.3,,,,,,,,,
31-Jan-23,0.8,,,,,,,,,
01-Feb-23,0.2,,,,,,,,,
02-Feb-23,2,,,,,,,,,
03-Feb-23,0.8,,,,,,,,,
04-Feb-23,0.3,,,,,,,,,
05-Feb-23,0,,,,,,,,,
06-Feb-23,0,,,,,,,,,
07-Feb-23,0,,,,,,,,,
08-Feb-23,2,,,,,,,,,
09-Feb-23,0,,,,,,,,,
10-Feb-23,0.1,,,,,,,,,
11-Feb-23,0.5,,,,,,,,,
12-Feb-23,0,,,,,,,,,
13-Feb-23,0,,,,,,,,,
14-Feb-23,0,,,,,,,,,
15-Feb-23,9.5,,,,,,,,,
16-Feb-23,1.6,,,,,,,,,
17-Feb-23,3.5,,,,,,,,,
18-Feb-23,4.1,,,,,,,,,
19-Feb-23,0,,,,,,,,,
20-Feb-23,1.3,,,,,,,,,
21-Feb-23,3.4,,,,,,,,,
22-Feb-23,0.4,,,,,,,,,
23-Feb-23,0,,,,,,,,,
24-Feb-23,0.1,,,,,,,,,
25-Feb-23,0,,,,,,,,,
26-Feb-23,0,,,,,,,,,
27-Feb-23,0,,,,,,,,,
28-Feb-23,0,,,,,,,,,
01-Mar-23,0.2,,,,,,,,,
02-Mar-23,2,,,,,,,,,
03-Mar-23,0,,,,,,,,,
04-Mar-23,0,,,,,,,,,
05-Mar-23,0.1,,,,,,,,,
06-Mar-23,4.5,,,,,,,,,
07-Mar-23,0,,,,,,,,,
08-Mar-23,0,,,,,,,,,
09-Mar-23,17.4,,,,,,,,,
10-Mar-23,0.5,,,,,,,,,
11-Mar-23,13.8,,,,,,,,,
12-Mar-23,4.2,,,,,,,,,
13-Mar-23,5.6,,,,,,,,,
14-Mar-23,1.3,,,,,,,,,
15-Mar-23,12.3,,,,,,,,,
16-Mar-23,2.9,,,,,,,,,
17-Mar-23,4.1,,,,,,,,,
18-Mar-23,3.1,,,,,,,,,
19-Mar-23,5,,,,,,,,,
20-Mar-23,4.6,,,,,,,,,
21-Mar-23,11.4,,,,,,,,,
22-Mar-23,8.3,,,,,,,,,
23-Mar-23,13.6,,,,,,,,,
24-Mar-23,4.6,,,,,,,,,
25-Mar-23,0.8,,,,,,,,,
26-Mar-23,0,,,,,,,,,
27-Mar-23,0.5,,,,,,,,,
28-Mar-23,5.2,,,,,,,,,
29-Mar-23,2.8,,,,,,,,,
30-Mar-23,2.8,,,,,,,,,
31-Mar-23,9.8,,,,,,,,,
01-Apr-23,2.4,,,,,,,,,
02-Apr-23,0,,,,,,,,,
03-Apr-23,0,,,,,,,,,
04-Apr-23,2.3,,,,,,,,,
05-Apr-23,2.8,,,,,,,,,
06-Apr-23,1.4,,,,,,,,,
07-Apr-23,0,,,,,,,,,
08-Apr-23,0,,,,,,,,,
09-Apr-23,4.6,,,,,,,,,
10-Apr-23,5.4,,,,,,,,,
11-Apr-23,11.7,,,,,,,,,
12-Apr-23,6.7,,,,,,,,,
13-Apr-23,0,,,,,,,,,
14-Apr-23,0.4,,,,,,,,,
15-Apr-23,3.7,,,,,,,,,
16-Apr-23,1.5,,,,,,,,,
17-Apr-23,0,,,,,,,,,
18-Apr-23,0,,,,,,,,,
19-Apr-23,0,,,,,,,,,
20-Apr-23,0,,,,,,,,,
21-Apr-23,0.5,,,,,,,,,
22-Apr-23,18.4,,,,,,,,,
23-Apr-23,0.8,,,,,,,,,
24-Apr-23,8.2,,,,,,,,,
25-Apr-23,0,,,,,,,,,
26-Apr-23,0,,,,,,,,,
27-Apr-23,0.9,,,,,,,,,
28-Apr-23,2.1,,,,,,,,,
29-Apr-23,2,,,,,,,,,
30-Apr-23,7,,,,,,,,,
01-May-23,0.4,,,,,,,,,
02-May-23,0,,,,,,,,,
03-May-23,0,,,,,,,,,
04-May-23,0.9,,,,,,,,,
05-May-23,6.2,,,,,,,,,
06-May-23,0.8,,,,,,,,,
07-May-23,5.6,,,,,,,,,
08-May-23,6.8,,,,,,,,,
09-May-23,2.2,,,,,,,,,
10-May-23,2.3,,,,,,,,,
11-May-23,3.5,,,,,,,,,
12-May-23,0.2,,,,,,,,,
13-May-23,0,,,,,,,,,
14-May-23,2.6,,,,,,,,,
15-May-23,0,,,,,,,,,
16-May-23,0,,,,,,,,,
17-May-23,0,,,,,,,,,
18-May-23,0,,,,,,,,,
19-May-23,0,,,,,,,,,
20-May-23,0.8,,,,,,,,,
21-May-23,2.9,,,,,,,,,
22-May-23,1.2,,,,,,,,,
23-May-23,0,,,,,,,,,
24-May-23,0,,,,,,,,,
25-May-23,0,,,,,,,,,
26-May-23,0,,,,,,,,,
27-May-23,0,,,,,,,,,
28-May-23,0,,,,,,,,,
29-May-23,0,,,,,,,,,
30-May-23,0,,,,,,,,,
31-May-23,0,,,,,,,,,
01-Jun-23,0,,,,,,,,,
02-Jun-23,0,,,,,,,,,
03-Jun-23,0,,,,,,,,,
04-Jun-23,0,,,,,,,,,
05-Jun-23,0,,,,,,,,,
06-Jun-23,0,,,,,,,,,
07-Jun-23,0,,,,,,,,,
08-Jun-23,0,,,,,,,,,
09-Jun-23,0,,,,,,,,,
10-Jun-23,0.4,,,,,,,,,
11-Jun-23,0,,,,,,,,,
12-Jun-23,1.6,,,,,,,,,
13-Jun-23,6.8,,,,,,,,,
14-Jun-23,0,,,,,,,,,
15-Jun-23,3.6,,,,,,,,,
16-Jun-23,2.6,,,,,,,,,
17-Jun-23,7.6,,,,,,,,,
18-Jun-23,6,,,,,,,,,
19-Jun-23,2.1,,,,,,,,,
20-Jun-23,0.5,,,,,,,,,
21-Jun-23,0.2,,,,,,,,,
22-Jun-23,0,,,,,,,,,
23-Jun-23,1.6,,,,,,,,,
24-Jun-23,0.2,,,,,,,,,
25-Jun-23,4.6,,,,,,,,,
26-Jun-23,1.9,,,,,,,,,
27-Jun-23,1.2,,,,,,,,,
28-Jun-23,7.5,,,,,,,,,
29-Jun-23,0.1,,,,,,,,,
30-Jun-23,4.8,,,,,,,,,
01-Jul-23,0.7,,,,,,,,,
02-Jul-23,2.7,,,,,,,,,
03-Jul-23,6.9,,,,,,,,,
04-Jul-23,9.9,,,,,,,,,
05-Jul-23,4,,,,,,,,,
06-Jul-23,12.5,,,,,,,,,
07-Jul-23,1,,,,,,,,,
08-Jul-23,0.6,,,,,,,,,
09-Jul-23,11.5,,,,,,,,,
10-Jul-23,12.8,,,,,,,,,
11-Jul-23,5.6,,,,,,,,,
12-Jul-23,0.9,,,,,,,,,
13-Jul-23,2.7,,,,,,,,,
14-Jul-23,23,,,,,,,,,
15-Jul-23,18.7,,,,,,,,,
16-Jul-23,9,,,,,,,,,
17-Jul-23,0.7,,,,,,,,,
18-Jul-23,6.7,,,,,,,,,
19-Jul-23,2,,,,,,,,,
20-Jul-23,0.1,,,,,,,,,
21-Jul-23,2,,,,,,,,,
22-Jul-23,16.6,,,,,,,,,
23-Jul-23,2.1,,,,,,,,,
24-Jul-23,0,,,,,,,,,
25-Jul-23,0,,,,,,,,,
26-Jul-23,8.1,,,,,,,,,
27-Jul-23,0.4,,,,,,,,,
28-Jul-23,0.1,,,,,,,,,
29-Jul-23,0.9,,,,,,,,,
30-Jul-23,7,,,,,,,,,
31-Jul-23,9.6,,,,,,,,,
01-Aug-23,5.1,,,,,,,,,
02-Aug-23,7.1,,,,,,,,,
03-Aug-23,0.1,,,,,,,,,
04-Aug-23,9.9,,,,,,,,,
05-Aug-23,26.7,,,,,,,,,
06-Aug-23,5,,,,,,,,,
07-Aug-23,0.3,,,,,,,,,
08-Aug-23,0,,,,,,,,,
09-Aug-23,0,,,,,,,,,
10-Aug-23,1.8,,,,,,,,,
11-Aug-23,0.7,,,,,,,,,
12-Aug-23,4.1,,,,,,,,,
13-Aug-23,0.6,,,,,,,,,
14-Aug-23,0,,,,,,,,,
15-Aug-23,0.6,,,,,,,,,
16-Aug-23,0,,,,,,,,,
17-Aug-23,0.1,,,,,,,,,
18-Aug-23,15,,,,,,,,,
19-Aug-23,10.1,,,,,,,,,
20-Aug-23,0.3,,,,,,,,,
21-Aug-23,3.2,,,,,,,,,
22-Aug-23,1.1,,,,,,,,,
23-Aug-23,0,,,,,,,,,
24-Aug-23,0,,,,,,,,,
25-Aug-23,2,,,,,,,,,
26-Aug-23,4.2,,,,,,,,,
27-Aug-23,5.9,,,,,,,,,
28-Aug-23,0.4,,,,,,,,,
29-Aug-23,0.1,,,,,,,,,
30-Aug-23,0.2,,,,,,,,,
31-Aug-23,9.7,,,,,,,,,
01-Sep-23,7.8,,,,,,,,,
02-Sep-23,0.1,,,,,,,,,
03-Sep-23,0.2,,,,,,,,,
04-Sep-23,0.1,,,,,,,,,
05-Sep-23,0.1,,,,,,,,,
06-Sep-23,0,,,,,,,,,
07-Sep-23,0,,,,,,,,,
08-Sep-23,0,,,,,,,,,
09-Sep-23,0,,,,,,,,,
10-Sep-23,0.9,,,,,,,,,
11-Sep-23,4.5,,,,,,,,,
12-Sep-23,0.1,,,,,,,,,
13-Sep-23,5.7,,,,,,,,,
14-Sep-23,5,,,,,,,,,
15-Sep-23,23.1,,,,,,,,,
16-Sep-23,0.2,,,,,,,,,
17-Sep-23,5.7,,,,,,,,,
18-Sep-23,1.2,,,,,,,,,
19-Sep-23,25.3,,,,,,,,,
20-Sep-23,2.2,,,,,,,,,
21-Sep-23,0.2,,,,,,,,,
22-Sep-23,0.7,,,,,,,,,
23-Sep-23,1.9,,,,,,,,,
24-Sep-23,13.5,,,,,,,,,
25-Sep-23,0.1,,,,,,,,,
26-Sep-23,7.4,,,,,,,,,
27-Sep-23,15.4,,,,,,,,,
28-Sep-23,2.2,,,,,,,,,
29-Sep-23,0.3,,,,,,,,,
30-Sep-23,9,,,,,,,,,
01-Oct-23,0.5,,,,,,,,,
02-Oct-23,0.2,,,,,,,,,
03-Oct-23,0.4,,,,,,,,,
04-Oct-23,1.9,,,,,,,,,
05-Oct-23,13.8,,,,,,,,,
06-Oct-23,2.6,,,,,,,,,
07-Oct-23,0,,,,,,,,,
08-Oct-23,0,,,,,,,,,
09-Oct-23,0,,,,,,,,,
10-Oct-23,1.8,,,,,,,,,
11-Oct-23,3.4,,,,,,,,,
12-Oct-23,0.5,,,,,,,,,
13-Oct-23,0.1,,,,,,,,,
14-Oct-23,1,,,,,,,,,
15-Oct-23,0.1,,,,,,,,,
16-Oct-23,0,,,,,,,,,
17-Oct-23,9.6,,,,,,,,,
18-Oct-23,15,,,,,,,,,
19-Oct-23,15.1,,,,,,,,,
20-Oct-23,5.4,,,,,,,,,
21-Oct-23,0,,,,,,,,,
22-Oct-23,0,,,,,,,,,
23-Oct-23,10.9,,,,,,,,,
24-Oct-23,0.9,,,,,,,,,
25-Oct-23,2.8,,,,,,,,,
26-Oct-23,5.2,,,,,,,,,
27-Oct-23,1.2,,,,,,,,,
28-Oct-23,3.9,,,,,,,,,
29-Oct-23,1.9,,,,,,,,,
30-Oct-23,2,,,,,,,,,
31-Oct-23,4.3,,,,,,,,,
01-Nov-23,8.8,,,,,,,,,
02-Nov-23,0.1,,,,,,,,,
03-Nov-23,0.5,,,,,,,,,
04-Nov-23,3.9,,,,,,,,,
05-Nov-23,0.7,,,,,,,,,
06-Nov-23,0.1,,,,,,,,,
07-Nov-23,0.8,,,,,,,,,
08-Nov-23,4.6,,,,,,,,,
09-Nov-23,1.6,,,,,,,,,
10-Nov-23,2.1,,,,,,,,,
11-Nov-23,0.1,,,,,,,,,
12-Nov-23,6,,,,,,,,,
13-Nov-23,19.5,,,,,,,,,
14-Nov-23,0.4,,,,,,,,,
15-Nov-23,0.1,,,,,,,,,
16-Nov-23,2.4,,,,,,,,,
17-Nov-23,6.1,,,,,,,,,
18-Nov-23,4,,,,,,,,,
19-Nov-23,4.2,,,,,,,,,
20-Nov-23,0.7,,,,,,,,,
21-Nov-23,0,,,,,,,,,
22-Nov-23,0.3,,,,,,,,,
23-Nov-23,1.3,,,,,,,,,
24-Nov-23,0.2,,,,,,,,,
25-Nov-23,0,,,,,,,,,
26-Nov-23,1.9,,,,,,,,,
27-Nov-23,0.8,,,,,,,,,
28-Nov-23,0,,,,,,,,,
29-Nov-23,0,,,,,,,,,
30-Nov-23,0,,,,,,,,,
01-Dec-23,0.2,,,,,,,,,
02-Dec-23,0,,,,,,,,,
03-Dec-23,0,,,,,,,,,
04-Dec-23,0,,,,,,,,,
05-Dec-23,0.1,,,,,,,,,
06-Dec-23,5,,,,,,,,,
07-Dec-23,4.6,,,,,,,,,
08-Dec-23,5,,,,,,,,,
09-Dec-23,11.4,,,,,,,,,
10-Dec-23,11,,,,,,,,,
11-Dec-23,10.3,,,,,,,,,
12-Dec-23,0.5,,,,,,,,,
13-Dec-23,0.5,,,,,,,,,
14-Dec-23,0.8,,,,,,,,,
15-Dec-23,0.3,,,,,,,,,
16-Dec-23,0.1,,,,,,,,,
17-Dec-23,2.6,,,,,,,,,
18-Dec-23,2,,,,,,,,,
19-Dec-23,0.6,,,,,,,,,
20-Dec-23,1.9,,,,,,,,,
21-Dec-23,2.1,,,,,,,,,
22-Dec-23,1,,,,,,,,,
23-Dec-23,6.7,,,,,,,,,
24-Dec-23,5.1,,,,,,,,,
25-Dec-23,1.8,,,,,,,,,
26-Dec-23,7.8,,,,,,,,,
27-Dec-23,24.4,,,,,,,,,
28-Dec-23,8.6,,,,,,,,,
29-Dec-23,0,,,,,,,,,
30-Dec-23,12.6,,,,,,,,,
31-Dec-23,5,,,,,,,,,
01-Jan-24,12.4,,,,,,,,,
02-Jan-24,7.9,,,,,,,,,
03-Jan-24,0.5,,,,,,,,,
04-Jan-24,1.2,,,,,,,,,
05-Jan-24,0.3,,,,,,,,,
06-Jan-24,0.2,,,,,,,,,
07-Jan-24,0.3,,,,,,,,,
08-Jan-24,0.3,,,,,,,,,
09-Jan-24,0,,,,,,,,,
10-Jan-24,0,,,,,,,,,
11-Jan-24,0,,,,,,,,,
12-Jan-24,0,,,,,,,,,
13-Jan-24,0.5,,,,,,,,,
14-Jan-24,0.1,,,,,,,,,
15-Jan-24,0.1,,,,,,,,,
16-Jan-24,0.1,,,,,,,,,
17-Jan-24,0.2,,,,,,,,,
18-Jan-24,0.2,,,,,,,,,
19-Jan-24,0.2,,,,,,,,,
20-Jan-24,10.9,,,,,,,,,
21-Jan-24,12.9,,,,,,,,,
22-Jan-24,0.7,,,,,,,,,
23-Jan-24,15,,,,,,,,,
24-Jan-24,1.2,,,,,,,,,
25-Jan-24,4.2,,,,,,,,,
26-Jan-24,1.9,,,,,,,,,
27-Jan-24,0,,,,,,,,,
28-Jan-24,0.9,,,,,,,,,
29-Jan-24,5.2,,,,,,,,,
30-Jan-24,0.1,,,,,,,,,
31-Jan-24,5.6,,,,,,,,,
01-Feb-24,0.1,,,,,,,,,
02-Feb-24,1.4,,,,,,,,,
03-Feb-24,0.6,,,,,,,,,
04-Feb-24,0.4,,,,,,,,,
05-Feb-24,1,,,,,,,,,
06-Feb-24,8.3,,,,,,,,,
07-Feb-24,0.1,,,,,,,,,
08-Feb-24,19.1,,,,,,,,,
09-Feb-24,5.4,,,,,,,,,
10-Feb-24,0.2,,,,,,,,,
11-Feb-24,0.2,,,,,,,,,
12-Feb-24,0.3,,,,,,,,,
13-Feb-24,6.7,,,,,,,,,
14-Feb-24,6.9,,,,,,,,,
15-Feb-24,6.1,,,,,,,,,
16-Feb-24,2.6,,,,,,,,,
17-Feb-24,5.1,,,,,,,,,
18-Feb-24,0.2,,,,,,,,,
19-Feb-24,0.5,,,,,,,,,
20-Feb-24,2.4,,,,,,,,,
21-Feb-24,6.9,,,,,,,,,
22-Feb-24,3.9,,,,,,,,,
23-Feb-24,1.1,,,,,,,,,
24-Feb-24,0.5,,,,,,,,,
25-Feb-24,0,,,,,,,,,
26-Feb-24,0,,,,,,,,,
27-Feb-24,1.1,,,,,,,,,
28-Feb-24,8.4,,,,,,,,,
29-Feb-24,2.4,,,,,,,,,
01-Mar-24,21,,,,,,,,,
02-Mar-24,0.3,,,,,,,,,
03-Mar-24,2.1,,,,,,,,,
04-Mar-24,1.1,,,,,,,,,
05-Mar-24,4.9,,,,,,,,,
06-Mar-24,0,,,,,,,,,
07-Mar-24,0,,,,,,,,,
08-Mar-24,0.3,,,,,,,,,
09-Mar-24,0.8,,,,,,,,,
10-Mar-24,1.2,,,,,,,,,
11-Mar-24,8.2,,,,,,,,,
12-Mar-24,3.3,,,,,,,,,
13-Mar-24,8.2,,,,,,,,,
14-Mar-24,22.3,,,,,,,,,
15-Mar-24,0.2,,,,,,,,,
16-Mar-24,2.8,,,,,,,,,
17-Mar-24,2.3,,,,,,,,,
18-Mar-24,3.5,,,,,,,,,
19-Mar-24,0.6,,,,,,,,,
20-Mar-24,2.1,,,,,,,,,
21-Mar-24,3.6,,,,,,,,,
22-Mar-24,1.3,,,,,,,,,
23-Mar-24,1.4,,,,,,,,,
24-Mar-24,6.4,,,,,,,,,
25-Mar-24,10,,,,,,,,,
26-Mar-24,3.9,,,,,,,,,
27-Mar-24,1.4,,,,,,,,,
28-Mar-24,0.1,,,,,,,,,
29-Mar-24,1.6,,,,,,,,,
30-Mar-24,0.8,,,,,,,,,
31-Mar-24,1.6,,,,,,,,,
01-Apr-24,0.1,,,,,,,,,
02-Apr-24,0.7,,,,,,,,,
03-Apr-24,4.6,,,,,,,,,
04-Apr-24,8.4,,,,,,,,,
05-Apr-24,3.5,,,,,,,,,
06-Apr-24,2,,,,,,,,,
07-Apr-24,1.8,,,,,,,,,
08-Apr-24,11.5,,,,,,,,,
09-Apr-24,0.2,,,,,,,,,
10-Apr-24,11.2,,,,,,,,,
11-Apr-24,5.5,,,,,,,,,
12-Apr-24,2,,,,,,,,,
13-Apr-24,2.2,,,,,,,,,
14-Apr-24,2.4,,,,,,,,,
15-Apr-24,7.8,,,,,,,,,
16-Apr-24,3.6,,,,,,,,,
17-Apr-24,3.2,,,,,,,,,
18-Apr-24,0.1,,,,,,,,,
19-Apr-24,1.3,,,,,,,,,
20-Apr-24,0,,,,,,,,,
21-Apr-24,0,,,,,,,,,
22-Apr-24,0,,,,,,,,,
23-Apr-24,0,,,,,,,,,
24-Apr-24,0,,,,,,,,,
25-Apr-24,3.6,,,,,,,,,
26-Apr-24,5.2,,,,,,,,,
27-Apr-24,0.3,,,,,,,,,
28-Apr-24,2.9,,,,,,,,,
29-Apr-24,8.7,,,,,,,,,
30-Apr-24,4.2,,,,,,,,,
01-May-24,0.6,,,,,,,,,
02-May-24,4.1,,,,,,,,,
03-May-24,1.6,,,,,,,,,
04-May-24,0.7,,,,,,,,,
05-May-24,0,,,,,,,,,
06-May-24,0,,,,,,,,,
07-May-24,0,,,,,,,,,
08-May-24,0,,,,,,,,,
09-May-24,0,,,,,,,,,
10-May-24,0,,,,,,,,,
11-May-24,0,,,,,,,,,
12-May-24,0,,,,,,,,,
13-May-24,6.2,,,,,,,,,
14-May-24,0.2,,,,,,,,,
15-May-24,0.4,,,,,,,,,
16-May-24,1.7,,,,,,,,,
17-May-24,0.2,,,,,,,,,
18-May-24,0.9,,,,,,,,,
19-May-24,0,,,,,,,,,
20-May-24,0,,,,,,,,,
21-May-24,6,,,,,,,,,
22-May-24,3.5,,,,,,,,,
23-May-24,0,,,,,,,,,
24-May-24,0,,,,,,,,,
25-May-24,2.4,,,,,,,,,
26-May-24,15.1,,,,,,,,,
27-May-24,3.5,,,,,,,,,
28-May-24,7,,,,,,,,,
29-May-24,1.4,,,,,,,,,
30-May-24,1.6,,,,,,,,,
31-May-24,0,,,,,,,,,
01-Jun-24,0,,,,,,,,,
02-Jun-24,0,,,,,,,,,
03-Jun-24,0.2,,,,,,,,,
04-Jun-24,0.7,,,,,,,,,
05-Jun-24,0,,,,,,,,,
06-Jun-24,0.1,,,,,,,,,
07-Jun-24,1.2,,,,,,,,,
08-Jun-24,0.7,,,,,,,,,
09-Jun-24,4.9,,,,,,,,,
10-Jun-24,0.2,,,,,,,,,
11-Jun-24,0.1,,,,,,,,,
12-Jun-24,0,,,,,,,,,
13-Jun-24,11.7,,,,,,,,,
14-Jun-24,4.5,,,,,,,,,
15-Jun-24,6.4,,,,,,,,,
16-Jun-24,0.4,,,,,,,,,
17-Jun-24,0,,,,,,,,,
18-Jun-24,0,,,,,,,,,
19-Jun-24,0,,,,,,,,,
20-Jun-24,0,,,,,,,,,
21-Jun-24,7.3,,,,,,,,,
22-Jun-24,0,,,,,,,,,
23-Jun-24,0,,,,,,,,,
24-Jun-24,0,,,,,,,,,
25-Jun-24,0,,,,,,,,,
26-Jun-24,0.1,,,,,,,,,
27-Jun-24,4.9,,,,,,,,,
28-Jun-24,0.1,,,,,,,,,
29-Jun-24,3.8,,,,,,,,,
30-Jun-24,2.1,,,,,,,,,
01-Jul-24,0.8,,,,,,,,,
02-Jul-24,0,,,,,,,,,
03-Jul-24,1.8,,,,,,,,,
04-Jul-24,0.1,,,,,,,,,
05-Jul-24,0.5,,,,,,,,,
06-Jul-24,6.3,,,,,,,,,
07-Jul-24,2.5,,,,,,,,,
08-Jul-24,0,,,,,,,,,
09-Jul-24,8.5,,,,,,,,,
10-Jul-24,3,,,,,,,,,
11-Jul-24,2.2,,,,,,,,,
12-Jul-24,0.1,,,,,,,,,
13-Jul-24,2,,,,,,,,,
14-Jul-24,1.3,,,,,,,,,
15-Jul-24,0,,,,,,,,,
16-Jul-24,0,,,,,,,,,
17-Jul-24,0.6,,,,,,,,,
18-Jul-24,1.7,,,,,,,,,
19-Jul-24,0,,,,,,,,,
20-Jul-24,3.5,,,,,,,,,
21-Jul-24,4.9,,,,,,,,,
22-Jul-24,16.3,,,,,,,,,
23-Jul-24,1.2,,,,,,,,,
24-Jul-24,0.5,,,,,,,,,
25-Jul-24,0.5,,,,,,,,,
26-Jul-24,4,,,,,,,,,
27-Jul-24,3,,,,,,,,,
28-Jul-24,0.1,,,,,,,,,
29-Jul-24,0.1,,,,,,,,,
30-Jul-24,0.1,,,,,,,,,
31-Jul-24,0,,,,,,,,,
01-Aug-24,0.2,,,,,,,,,
02-Aug-24,0.8,,,,,,,,,
03-Aug-24,0.6,,,,,,,,,
04-Aug-24,4.4,,,,,,,,,
05-Aug-24,1.6,,,,,,,,,
06-Aug-24,1.2,,,,,,,,,
07-Aug-24,0.5,,,,,,,,,
08-Aug-24,2.6,,,,,,,,,
09-Aug-24,0,,,,,,,,,
10-Aug-24,1.3,,,,,,,,,
11-Aug-24,0.2,,,,,,,,,
12-Aug-24,0.3,,,,,,,,,
13-Aug-24,2.5,,,,,,,,,
14-Aug-24,0,,,,,,,,,
15-Aug-24,11,,,,,,,,,
16-Aug-24,0.1,,,,,,,,,
17-Aug-24,0.2,,,,,,,,,
18-Aug-24,0,,,,,,,,,
19-Aug-24,3.7,,,,,,,,,
20-Aug-24,1.7,,,,,,,,,
21-Aug-24,2.7,,,,,,,,,
22-Aug-24,14,,,,,,,,,
23-Aug-24,12.7,,,,,,,,,
24-Aug-24,3.8,,,,,,,,,
25-Aug-24,1.3,,,,,,,,,
26-Aug-24,5,,,,,,,,,
27-Aug-24,8.2,,,,,,,,,
28-Aug-24,1.8,,,,,,,,,
29-Aug-24,0.1,,,,,,,,,
30-Aug-24,0.1,,,,,,,,,
31-Aug-24,0.1,,,,,,,,,
01-Sep-24,0.2,,,,,,,,,
02-Sep-24,4.2,,,,,,,,,
03-Sep-24,0.4,,,,,,,,,
04-Sep-24,5.3,,,,,,,,,
05-Sep-24,0.2,,,,,,,,,
06-Sep-24,0,,,,,,,,,
07-Sep-24,0.1,,,,,,,,,
08-Sep-24,0,,,,,,,,,
09-Sep-24,0,,,,,,,,,
10-Sep-24,1.7,,,,,,,,,
11-Sep-24,2.7,,,,,,,,,
12-Sep-24,0.5,,,,,,,,,
13-Sep-24,0,,,,,,,,,
14-Sep-24,0.9,,,,,,,,,
15-Sep-24,1.5,,,,,,,,,
16-Sep-24,0,,,,,,,,,
17-Sep-24,0,,,,,,,,,
18-Sep-24,0.2,,,,,,,,,
19-Sep-24,0,,,,,,,,,
20-Sep-24,0,,,,,,,,,
21-Sep-24,1.3,,,,,,,,,
22-Sep-24,0,,,,,,,,,
23-Sep-24,0,,,,,,,,,
24-Sep-24,0.1,,,,,,,,,
25-Sep-24,9.9,,,,,,,,,
26-Sep-24,13.3,,,,,,,,,
27-Sep-24,0.7,,,,,,,,,
28-Sep-24,0,,,,,,,,,
29-Sep-24,0.9,,,,,,,,,
30-Sep-24,3.4,,,,,,,,,
01-Oct-24,0.6,,,,,,,,,
02-Oct-24,0,,,,,,,,,
03-Oct-24,0,,,,,,,,,
04-Oct-24,2.1,,,,,,,,,
05-Oct-24,2.6,,,,,,,,,
06-Oct-24,3.3,,,,,,,,,
07-Oct-24,4.3,,,,,,,,,
08-Oct-24,12.5,,,,,,,,,
09-Oct-24,0.2,,,,,,,,,
10-Oct-24,0,,,,,,,,,
11-Oct-24,0,,,,,,,,,
12-Oct-24,0.5,,,,,,,,,
13-Oct-24,0.4,,,,,,,,,
14-Oct-24,0,,,,,,,,,
15-Oct-24,4.8,,,,,,,,,
16-Oct-24,5,,,,,,,,,
17-Oct-24,0.6,,,,,,,,,
18-Oct-24,3.6,,,,,,,,,
19-Oct-24,0.2,,,,,,,,,
20-Oct-24,3.7,,,,,,,,,
21-Oct-24,1.8,,,,,,,,,
22-Oct-24,0.8,,,,,,,,,
23-Oct-24,0.1,,,,,,,,,
24-Oct-24,0.9,,,,,,,,,
25-Oct-24,0.8,,,,,,,,,
26-Oct-24,2.6,,,,,,,,,
27-Oct-24,7.7,,,,,,,,,
28-Oct-24,0.7,,,,,,,,,
29-Oct-24,0.1,,,,,,,,,
30-Oct-24,0,,,,,,,,,
31-Oct-24,0,,,,,,,,,
01-Nov-24,0,,,,,,,,,
02-Nov-24,0.5,,,,,,,,,
03-Nov-24,0,,,,,,,,,
04-Nov-24,0.2,,,,,,,,,
05-Nov-24,0.2,,,,,,,,,
06-Nov-24,0.1,,,,,,,,,
07-Nov-24,0,,,,,,,,,
08-Nov-24,0.1,,,,,,,,,
09-Nov-24,1.2,,,,,,,,,
10-Nov-24,1.5,,,,,,,,,
11-Nov-24,0,,,,,,,,,
12-Nov-24,0.1,,,,,,,,,
13-Nov-24,0.2,,,,,,,,,
14-Nov-24,0.1,,,,,,,,,
15-Nov-24,1.5,,,,,,,,,
16-Nov-24,1.6,,,,,,,,,
17-Nov-24,3.7,,,,,,,,,
18-Nov-24,12.8,,,,,,,,,
19-Nov-24,6.9,,,,,,,,,
20-Nov-24,0,,,,,,,,,
21-Nov-24,0,,,,,,,,,
22-Nov-24,1.9,,,,,,,,,
23-Nov-24,32.6,,,,,,,,,
24-Nov-24,1.7,,,,,,,,,
25-Nov-24,0,,,,,,,,,
26-Nov-24,0,,,,,,,,,
27-Nov-24,0,,,,,,,,,
28-Nov-24,1.5,,,,,,,,,
29-Nov-24,2.3,,,,,,,,,
30-Nov-24,4.5,,,,,,,,,
01-Dec-24,1.3,,,,,,,,,
02-Dec-24,0.2,,,,,,,,,
03-Dec-24,1,,,,,,,,,
04-Dec-24,3.9,,,,,,,,,
05-Dec-24,6.2,,,,,,,,,
06-Dec-24,8,,,,,,,,,
07-Dec-24,9.6,,,,,,,,,
08-Dec-24,0,,,,,,,,,
09-Dec-24,0,,,,,,,,,
10-Dec-24,0,,,,,,,,,
11-Dec-24,0,,,,,,,,,
12-Dec-24,0,,,,,,,,,
13-Dec-24,0.7,,,,,,,,,
14-Dec-24,0.2,,,,,,,,,
15-Dec-24,2.1,,,,,,,,,
16-Dec-24,0.3,,,,,,,,,
17-Dec-24,1.4,,,,,,,,,
18-Dec-24,2.8,,,,,,,,,
19-Dec-24,0.6,,,,,,,,,
20-Dec-24,1.7,,,,,,,,,
21-Dec-24,2.7,,,,,,,,,
22-Dec-24,3.5,,,,,,,,,
23-Dec-24,1.8,,,,,,,,,
24-Dec-24,0.4,,,,,,,,,
25-Dec-24,0,,,,,,,,,
26-Dec-24,0.1,,,,,,,,,
27-Dec-24,0,,,,,,,,,
28-Dec-24,0.7,,,,,,,,,
29-Dec-24,0.4,,,,,,,,,
30-Dec-24,0.2,,,,,,,,,
31-Dec-24,15,,,,,,,,,
01-Jan-25,2.2,,,,,,,,,
02-Jan-25,0,,,,,,,,,
03-Jan-25,0,,,,,,,,,
04-Jan-25,3.6,,,,,,,,,
05-Jan-25,10.8,,,,,,,,,
06-Jan-25,0.4,,,,,,,,,
07-Jan-25,0.6,,,,,,,,,
08-Jan-25,0,,,,,,,,,
09-Jan-25,0,,,,,,,,,
10-Jan-25,0.1,,,,,,,,,
11-Jan-25,3.6,,,,,,,,,
12-Jan-25,0.2,,,,,,,,,
13-Jan-25,2.4,,,,,,,,,
14-Jan-25,0.8,,,,,,,,,
15-Jan-25,0.2,,,,,,,,,
16-Jan-25,0.2,,,,,,,,,
17-Jan-25,0.1,,,,,,,,,
18-Jan-25,0,,,,,,,,,
19-Jan-25,0.2,,,,,,,,,
20-Jan-25,1.5,,,,,,,,,
21-Jan-25,0.9,,,,,,,,,
22-Jan-25,0.9,,,,,,,,,
23-Jan-25,13.2,,,,,,,,,
24-Jan-25,5.6,,,,,,,,,
25-Jan-25,0.2,,,,,,,,,
26-Jan-25,4.8,,,,,,,,,
27-Jan-25,2.7,,,,,,,,,
28-Jan-25,2.9,,,,,,,,,
29-Jan-25,0.1,,,,,,,,,
30-Jan-25,1.5,,,,,,,,,
31-Jan-25,0.1,,,,,,,,,
01-Feb-25,0,,,,,,,,,
02-Feb-25,6.2,,,,,,,,,
03-Feb-25,0.1,,,,,,,,,
04-Feb-25,8.6,,,,,,,,,
05-Feb-25,0.1,,,,,,,,,
06-Feb-25,0,,,,,,,,,
07-Feb-25,0,,,,,,,,,
08-Feb-25,0.1,,,,,,,,,
09-Feb-25,0,,,,,,,,,
10-Feb-25,6.1,,,,,,,,,
11-Feb-25,0.7,,,,,,,,,
12-Feb-25,0,,,,,,,,,
13-Feb-25,2.9,,,,,,,,,
14-Feb-25,3.4,,,,,,,,,
15-Feb-25,0.5,,,,,,,,,
16-Feb-25,1.2,,,,,,,,,
17-Feb-25,3,,,,,,,,,
18-Feb-25,0.2,,,,,,,,,
19-Feb-25,4.1,,,,,,,,,
20-Feb-25,1.5,,,,,,,,,
21-Feb-25,11.6,,,,,,,,,
22-Feb-25,0.1,,,,,,,,,
23-Feb-25,12.3,,,,,,,,,
24-Feb-25,2.3,,,,,,,,,
25-Feb-25,0.6,,,,,,,,,
26-Feb-25,5,,,,,,,,,
27-Feb-25,0,,,,,,,,,
28-Feb-25,0,,,,,,,,,
01-Mar-25,0.9,,,,,,,,,
02-Mar-25,0.4,,,,,,,,,
03-Mar-25,0,,,,,,,,,
04-Mar-25,0,,,,,,,,,
05-Mar-25,1.5,,,,,,,,,
06-Mar-25,2.4,,,,,,,,,
07-Mar-25,0.9,,,,,,,,,
08-Mar-25,0.1,,,,,,,,,
09-Mar-25,0,,,,,,,,,
10-Mar-25,0,,,,,,,,,
11-Mar-25,0,,,,,,,,,
12-Mar-25,0,,,,,,,,,
13-Mar-25,0,,,,,,,,,
14-Mar-25,0.7,,,,,,,,,
15-Mar-25,0,,,,,,,,,
16-Mar-25,0,,,,,,,,,
17-Mar-25,0,,,,,,,,,
18-Mar-25,0,,,,,,,,,
19-Mar-25,0,,,,,,,,,
20-Mar-25,0,,,,,,,,,
21-Mar-25,3.2,,,,,,,,,
22-Mar-25,7.4,,,,,,,,,
23-Mar-25,0,,,,,,,,,
24-Mar-25,0,,,,,,,,,
25-Mar-25,0.2,,,,,,,,,
26-Mar-25,0,,,,,,,,,
27-Mar-25,3.3,,,,,,,,,
28-Mar-25,1.2,,,,,,,,,
29-Mar-25,1.8,,,,,,,,,
30-Mar-25,0,,,,,,,,,
31-Mar-25,0,,,,,,,,,
01-Apr-25,0,,,,,,,,,
02-Apr-25,0,,,,,,,,,
03-Apr-25,0.1,,,,,,,,,
04-Apr-25,0,,,,,,,,,
05-Apr-25,0,,,,,,,,,
06-Apr-25,0,,,,,,,,,
07-Apr-25,0,,,,,,,,,
08-Apr-25,0.1,,,,,,,,,
09-Apr-25,0,,,,,,,,,
10-Apr-25,0,,,,,,,,,
11-Apr-25,0,,,,,,,,,
12-Apr-25,0.3,,,,,,,,,
13-Apr-25,2.3,,,,,,,,,
14-Apr-25,1.5,,,,,,,,,
15-Apr-25,0,,,,,,,,,
16-Apr-25,20.3,,,,,,,,,
17-Apr-25,0.3,,,,,,,,,
18-Apr-25,22.3,,,,,,,,,
19-Apr-25,4.7,,,,,,,,,
20-Apr-25,0.5,,,,,,,,,
21-Apr-25,2.7,,,,,,,,,
22-Apr-25,12,,,,,,,,,
23-Apr-25,0.2,,,,,,,,,
24-Apr-25,2.7,,,,,,,,,
25-Apr-25,15.8,,,,,,,,,
26-Apr-25,0.3,,,,,,,,,
27-Apr-25,0,,,,,,,,,
28-Apr-25,0,,,,,,,,,
29-Apr-25,0,,,,,,,,,
30-Apr-25,0,,,,,,,,,
01-May-25,0,,,,,,,,,
02-May-25,0,,,,,,,,,
03-May-25,0,,,,,,,,,
04-May-25,0,,,,,,,,,
05-May-25,0,,,,,,,,,
06-May-25,0,,,,,,,,,
07-May-25,0,,,,,,,,,
08-May-25,0,,,,,,,,,
09-May-25,0,,,,,,,,,
10-May-25,0,,,,,,,,,
11-May-25,0,,,,,,,,,
12-May-25,0,,,,,,,,,
13-May-25,0,,,,,,,,,
14-May-25,0,,,,,,,,,
15-May-25,0,,,,,,,,,
16-May-25,0,,,,,,,,,
17-May-25,0,,,,,,,,,
18-May-25,0,,,,,,,,,
19-May-25,0,,,,,,,,,
20-May-25,3.5,,,,,,,,,
21-May-25,0.1,,,,,,,,,
22-May-25,0,,,,,,,,,
23-May-25,4.3,,,,,,,,,
24-May-25,14.4,,,,,,,,,
25-May-25,2.8,,,,,,,,,
26-May-25,10.6,,,,,,,,,
27-May-25,5,,,,,,,,,
28-May-25,6.3,,,,,,,,,
29-May-25,14.8,,,,,,,,,
30-May-25,2.5,,,,,,,,,
31-May-25,0.2,,,,,,,,,
01-Jun-25,4.4,,,,,,,,,
02-Jun-25,6.8,,,,,,,,,
03-Jun-25,2.2,,,,,,,,,
04-Jun-25,1.3,,,,,,,,,
05-Jun-25,6,,,,,,,,,
06-Jun-25,2.7,,,,,,,,,
07-Jun-25,1,,,,,,,,,
08-Jun-25,1.4,,,,,,,,,
09-Jun-25,3.5,,,,,,,,,
10-Jun-25,1.3,,,,,,,,,
11-Jun-25,0.4,,,,,,,,,
12-Jun-25,17.8,,,,,,,,,
13-Jun-25,0.8,,,,,,,,,
14-Jun-25,21.4,,,,,,,,,
15-Jun-25,0.2,,,,,,,,,
16-Jun-25,0,,,,,,,,,
17-Jun-25,0,,,,,,,,,
18-Jun-25,0,,,,,,,,,
19-Jun-25,0,,,,,,,,,
20-Jun-25,0.2,,,,,,,,,
21-Jun-25,0,,,,,,,,,
22-Jun-25,3.9,,,,,,,,,
23-Jun-25,0.6,,,,,,,,,
24-Jun-25,3.8,,,,,,,,,
25-Jun-25,2.9,,,,,,,,,
26-Jun-25,2.7,,,,,,,,,
27-Jun-25,1.1,,,,,,,,,
28-Jun-25,3.7,,,,,,,,,
29-Jun-25,0,,,,,,,,,
30-Jun-25,1.9,,,,,,,,,
01-Jul-25,0,,,,,,,,,
02-Jul-25,5.4,,,,,,,,,
03-Jul-25,0.5,,,,,,,,,
04-Jul-25,1.5,,,,,,,,,
05-Jul-25,0.4,,,,,,,,,
06-Jul-25,0.5,,,,,,,,,
07-Jul-25,0,,,,,,,,,
08-Jul-25,0.4,,,,,,,,,
09-Jul-25,0,,,,,,,,,
10-Jul-25,0,,,,,,,,,
11-Jul-25,0,,,,,,,,,
12-Jul-25,0,,,,,,,,,
13-Jul-25,1.3,,,,,,,,,
14-Jul-25,15,,,,,,,,,
15-Jul-25,28.5,,,,,,,,,
16-Jul-25,0,,,,,,,,,
17-Jul-25,4.6,,,,,,,,,
18-Jul-25,0.2,,,,,,,,,
19-Jul-25,1.5,,,,,,,,,
20-Jul-25,5.6,,,,,,,,,
21-Jul-25,1.1,,,,,,,,,
22-Jul-25,0.5,,,,,,,,,
23-Jul-25,1.7,,,,,,,,,
24-Jul-25,0,,,,,,,,,
25-Jul-25,0.3,,,,,,,,,
26-Jul-25,0,,,,,,,,,
27-Jul-25,0.6,,,,,,,,,
28-Jul-25,2.3,,,,,,,,,
29-Jul-25,2.6,,,,,,,,,
30-Jul-25,0.5,,,,,,,,,
31-Jul-25,2.1,,,,,,,,,
